Snapshots	Ranks	Time
7	1	11.97627264728278
7	2	28.216558473715523
7	3	23.45442466473833
7	4	3.2653008797841974
7	5	29.821714514583046
7	6	26.653795865545227
7	7	7.606762027389694
7	8	18.537562523543848
7	9	0.9066065083515118
7	10	17.001783490390718
