Snapshots	Ranks	Time
9	1	1.7097154096267344
9	2	24.8560295315608
9	3	22.136349680786612
9	4	21.77878429544251
9	5	25.7136794079197
9	6	8.67681240688833
9	7	24.844719160757407
9	8	21.623014108900904
9	9	1.8395340165209229
9	10	6.278129280138596
