Snapshots	Ranks	Time
1	1	12.998973457531225
1	2	28.2959041346829
1	3	25.793862589470628
1	4	28.955401795419302
1	5	13.406522725619352
1	6	22.769765252689496
1	7	21.28833795730766
1	8	23.427900939850552
1	9	13.282378810255782
1	10	24.135480627979142
