Snapshots	Ranks	Time
3	1	14.930283662880266
3	2	25.576937046696614
3	3	13.157738312592342
3	4	14.501397864612898
3	5	12.939706765227026
3	6	6.238906302005044
3	7	18.657426383192877
3	8	26.924514597514175
3	9	20.918941189488056
3	10	23.3531067057544
