Snapshots	Ranks	Time
10	1	7.127494842385766
10	2	11.463490142187943
10	3	6.8564036436410465
10	4	22.913895824996544
10	5	23.163078082156066
10	6	12.728436893658202
10	7	5.743282565954906
10	8	10.346126419621754
10	9	20.839522688202827
10	10	26.762403795798242
