Snapshots	Ranks	Time
4	1	11.68491485171182
4	2	11.174792929283857
4	3	27.649915443687284
4	4	6.317065835760789
4	5	28.776808984441935
4	6	28.814021084143274
4	7	26.27283336486802
4	8	7.044598464109191
4	9	13.863137198892563
4	10	7.578937986378499
