Label	Call	Site	Time	App	MPI	COV
1	Wait	14	28.691846693334195	4.866925952051107	172.15108016000516	0.5169289327174817
2	Send	28	22.606015731032485	6.58164864883624	135.6360943861949	1.090660901213332
3	Isend	6	18.692522877975243	14.391234002256157	112.15513726785146	0.889679040174495
4	Reduce	17	5.341808708571411	8.59761102220652	32.050852251428466	1.2748362998234917
5	Send	32	3.1462196546492893	2.308390093053294	18.877317927895735	1.8716767911902557
6	Wait	14	13.969637990771696	11.488009956009833	83.81782794463018	1.3261278158019674
