Label	Call	Site	Time	App	MPI	COV
1	Isend	32	22.112660345517902	7.210204530230815	132.67596207310743	0.7188846895344143
2	Recv	6	20.747847224081763	5.4336904687744685	124.48708334449057	0.0517644619261044
3	Isend	15	2.726851904266243	3.788423961235572	16.361111425597457	1.7447833470782141
4	Bcast	28	17.041345458458242	16.758937181425935	102.24807275074946	1.203241586051204
5	Send	32	5.114581182112335	19.265470014601057	30.68748709267401	0.6732556049244778
6	Scatter	17	21.301825552159244	4.729864090137561	127.81095331295546	0.12555031880961165
