Label	Call	Site	Time	App	MPI	COV
1	Reduce	15	14.392827646543543	6.27167582537524	86.35696587926125	0.5173704358275528
2	Recv	6	17.363068298823713	12.26987707519918	104.17840979294228	0.6418028171455559
3	Recv	17	4.121664234821202	12.37163395111443	24.72998540892721	0.44797352526116474
4	Isend	32	6.803849751158805	0.2865815822282647	40.82309850695283	1.8519376676748607
5	Irecv	32	20.856984698273784	16.22834215310829	125.1419081896427	0.07179353788848064
6	Recv	14	16.991718956873033	16.758937181425935	101.9503137412382	0.43447914656693687
