Label	Call	Site	Time	App	MPI	COV
1	Recv	6	21.402984017879266	18.426485791897505	128.4179041072756	0.6359296021235732
2	Scatter	14	5.3783932929889495	14.828529998509236	32.2703597579337	1.6268076745079787
3	Reduce	15	1.4481208325063843	14.764674028743643	8.688724995038307	0.7887225035766281
4	Scatter	17	22.827667071192575	10.137248730961732	136.96600242715544	0.1991597697149785
5	Irecv	6	23.373347831535142	13.766220390463499	140.24008698921085	1.0721887182114835
6	Irecv	14	3.1091406170011204	7.809316867285578	18.654843702006723	1.3789370890319679
