Label	Call	Site	Time	App	MPI	COV
1	Isend	28	21.898558097172437	3.6097354846349305	131.3913485830346	1.7428391798812444
2	Wait	17	5.753891612094975	10.46982967398004	34.52334967256985	1.1071420243700338
3	Barrier	15	2.4834704287610454	14.750674719486753	14.900822572566273	1.2093732374770416
4	Barrier	32	26.748877789569374	18.246634546208796	160.49326673741623	1.377606322803137
5	Scatter	32	27.99206995228958	14.459703284635431	167.95241971373747	1.0864448365082828
6	Barrier	6	14.794328130617075	1.2343714918675586	88.76596878370245	1.5503310239587853
