Label	Call	Site	Time	App	MPI	COV
1	Bcast	17	21.432132481329962	0.9355508629425802	128.59279488797978	1.615002559391098
2	Send	32	14.93132396427638	14.916348594960535	89.58794378565828	0.628749986877523
3	Irecv	15	5.274153011934711	16.11944476600342	31.644918071608267	1.8871692967387763
4	Bcast	6	7.4036496505278935	10.581077071518816	44.42189790316736	0.9599532330411136
5	Irecv	15	27.73056982740368	18.75121908015953	166.38341896442208	1.3705891010055742
6	Recv	15	21.989698380356778	3.360835640516686	131.93819028214068	1.7649870717554268
