Label	Call	Site	Time	App	MPI	COV
1	Send	15	9.939367862161374	15.887187473364978	59.63620717296824	0.2987724482855405
2	Irecv	14	12.370053570501042	15.547457884205846	74.22032142300625	0.7109390945615943
3	Barrier	14	17.099433818562225	18.183435191888883	102.59660291137335	1.323346924552587
4	Irecv	28	11.168682737223266	5.164144734530598	67.0120964233396	1.7273796082441213
5	Wait	6	5.427664191830464	14.459703284635431	32.56598515098278	1.8871692967387763
6	Isend	6	3.046863690007201	15.547457884205846	18.281182140043207	1.596332044882968
