Label	Call	Site	Time	App	MPI	COV
1	Scatter	15	1.2144066086712058	1.8615867355470561	7.2864396520272345	1.6211229848375548
2	Irecv	28	28.537932316135997	1.3992876028126	171.227593896816	1.3014508939288238
3	Bcast	6	4.121664234821202	10.581077071518816	24.72998540892721	0.7989378149719948
4	Reduce	15	29.076286279524478	18.246634546208796	174.45771767714686	1.4684138730100944
5	Gather	15	16.984951686522507	0.02044951557886643	101.90971011913504	0.9310737643190707
6	Reduce	17	2.5361732153594962	10.746151844840481	15.217039292156977	0.7882176920983754
