Label	Call	Site	Time	App	MPI	COV
1	Recv	28	17.724429841333784	18.64748943004981	106.3465790480027	0.0351124151833333
2	Irecv	17	25.163577874762705	2.989918484414875	150.98146724857622	1.7256718897230292
3	Send	6	27.574989255307173	6.893240183223135	165.44993553184304	0.848121385706444
4	Isend	28	20.32289631400851	18.452334724342194	121.93737788405106	0.13959830657836192
5	Recv	28	27.49308295585813	4.8272776318282045	164.9584977351488	0.8092892087862713
6	Bcast	14	10.616474758982793	4.467770760335458	63.69884855389676	0.5815808789152768
