Label	Call	Site	Time	App	MPI	COV
1	Recv	17	21.518589328497242	8.716340840923271	129.11153597098345	1.9722947778597109
2	Gather	28	15.835719332065088	3.93134938815739	95.01431599239052	1.4351722419009036
3	Reduce	15	29.90317743974625	1.8615867355470561	179.4190646384775	0.07342039476155304
4	Wait	14	4.89332055953478	16.774878951995806	29.359923357208682	1.7718745173432995
5	Wait	6	28.623246433198588	9.602030773453983	171.73947859919153	0.09124083292556917
6	Recv	17	19.993689988453664	0.1294524806984576	119.96213993072197	1.295512699024599
