Label	Call	Site	Time	App	MPI	COV
1	Wait	28	28.120849192396747	5.463878424070194	168.72509515438048	1.532915218495862
2	Irecv	28	24.715280948422667	18.2665367578663	148.29168569053599	0.5860256871284864
3	Recv	32	7.717588437076977	1.251544110448628	46.305530622461866	0.08732230940474328
4	Gather	14	13.038109197673887	18.246634546208796	78.22865518604331	0.3355758254031054
5	Wait	14	27.267010352488963	0.2865815822282647	163.60206211493377	0.7667574265920676
6	Barrier	6	22.827667071192575	4.938656220188928	136.96600242715544	1.7044327266880266
