Label	Call	Site	Time	App	MPI	COV
1	Gather	6	3.1698442478601754	1.7981470185710124	19.01906548716105	0.4886603216328467
2	Reduce	28	18.579503443256883	5.499727315128808	111.4770206595413	1.110322909141563
3	Wait	15	19.911020100213825	6.044419052751846	119.46612060128295	0.3249526978744075
4	Send	17	20.538546581899098	5.708347803988043	123.23127949139459	1.3922869756492258
5	Isend	28	28.051605842822838	8.017097507244609	168.30963505693703	0.0400548907677678
6	Barrier	28	16.9824701940125	17.458479946887056	101.894821164075	0.09262275736777292
