Label	Call	Site	Time	App	MPI	COV
1	Bcast	14	29.413996562054773	10.375033474691937	176.48397937232863	0.12608422390938268
2	Isend	6	23.16984683679685	19.93258342324111	139.0190810207811	1.5627084454774849
3	Gather	17	11.95665144992718	3.2770700149905574	71.73990869956309	0.6080889885539966
4	Isend	17	10.522410665917292	2.0398454468377847	63.13446399550375	0.6080889885539966
5	Reduce	14	3.721609330236324	5.6237970146809175	22.329655981417943	0.12608422390938268
6	Reduce	32	28.627932477621922	4.8272776318282045	171.76759486573152	0.7122590246205183
