Label	Call	Site	Time	App	MPI	COV
1	Scatter	15	17.88448652518474	7.270267878437671	107.30691915110845	0.6833537029897454
2	Isend	15	21.003703854287714	2.3874426927979417	126.02222312572628	1.2939650768858915
3	Barrier	14	22.79464538774253	2.3874426927979417	136.76787232645518	0.46617787113597897
4	Scatter	14	29.400985075110036	2.325311223296506	176.4059104506602	0.9421828320474639
5	Recv	15	22.79464538774253	6.832497746347427	136.76787232645518	0.0694445070432479
6	Isend	32	20.96484448458021	1.9362072020685506	125.78906690748127	1.6454322233729197
