Label	Call	Site	Time	App	MPI	COV
1	Irecv	6	0.6658024856185363	5.897585698956574	3.9948149137112177	0.7348024090596206
2	Send	15	24.493311723551273	0.09559502052513658	146.95987034130764	1.6001519849318457
3	Recv	6	17.323771202697415	4.571704295879719	103.94262721618449	1.1602746649222189
4	Wait	28	19.15411999259756	13.463254386644543	114.92471995558537	0.7188846895344143
5	Barrier	6	22.91283114569583	0.09559502052513658	137.47698687417497	0.4432029752139659
6	Irecv	14	25.11579892204067	18.303090029233758	150.69479353224403	0.4432029752139659
