Label	Call	Site	Time	App	MPI	COV
1	Irecv	6	11.05171906161997	8.31328979183134	66.31031436971982	0.5615074946951035
2	Wait	14	14.332186469597996	6.044419052751846	85.99311881758797	0.10287755588105396
3	Reduce	28	6.296348512209211	1.2343714918675586	37.77809107325527	1.3845479811842316
4	Send	28	15.12742069589149	6.821786800582235	90.76452417534894	0.4732511347157071
5	Reduce	17	17.099433818562225	13.36058908917304	102.59660291137335	0.6298750363456003
6	Bcast	17	0.4209657917256704	17.458479946887056	2.5257947503540223	0.7542387733118074
