Label	Call	Site	Time	App	MPI	COV
1	Irecv	6	0.8865052556394859	10.129612117946298	5.319031533836915	1.7447833470782141
2	Recv	17	6.992438748973738	9.384017347980528	41.954632493842425	1.7956913141766593
3	Irecv	14	9.717436028453445	11.738893915798048	58.30461617072067	0.24353478482427549
4	Wait	17	29.90317743974625	6.650608931324027	179.4190646384775	1.3813002409683897
5	Send	28	27.225446465525305	4.9639851215542885	163.35267879315182	0.34482734933846393
6	Gather	32	19.520975970773407	15.279394770104284	117.12585582464044	1.750153374262441
