Label	Call	Site	Time	App	MPI	COV
1	Isend	6	20.72234023380661	9.035337043146905	124.33404140283966	0.09249441427803906
2	Scatter	6	2.5361732153594962	4.571704295879719	15.217039292156977	1.3917776729208313
3	Wait	17	3.874923773920178	6.47530789246545	23.249542643521067	0.028820187139154463
4	Send	6	21.260831428493216	2.7157606154721536	127.56498857095929	1.889187540616602
5	Recv	14	4.584879622949433	12.26987707519918	27.5092777376966	1.566590659560862
6	Recv	32	19.440821922042716	10.137248730961732	116.6449315322563	1.6907629342808015
