Label	Call	Site	Time	App	MPI	COV
1	Gather	32	9.8686895281179	6.813881205337422	59.2121371687074	1.210054556632301
2	Scatter	28	9.578344423574949	12.300540351167172	57.4700665414497	1.3360172402553576
3	Scatter	6	0.34916164340333067	19.69020743171894	2.094969860419984	1.3906113298376017
4	Scatter	15	24.493311723551273	8.790665974775361	146.95987034130764	1.450377899735488
5	Recv	17	29.65810748842799	19.992577276203065	177.94864493056795	1.4670123862229587
6	Gather	17	10.522410665917292	11.735895507618695	63.13446399550375	0.14363235229822724
