Label	Call	Site	Time	App	MPI	COV
1	Barrier	32	6.06194324765201	3.091746605374257	36.37165948591206	0.9924844391071015
2	Scatter	32	3.2263277581107563	6.894572084168901	19.35796654866454	0.4471975383199054
3	Gather	6	3.5401167514701246	13.250155254866165	21.240700508820748	1.0785182027207254
4	Irecv	14	11.994478700193559	17.70178607476999	71.96687220116135	1.1899067218120793
5	Gather	6	19.491384305098148	4.760169589072372	116.94830583058888	0.046019830441230036
6	Recv	32	18.76099021650839	10.808958557819931	112.56594129905034	1.9740055032451849
