Label	Call	Site	Time	App	MPI	COV
1	Isend	28	4.799703334046858	6.031394603551377	28.79822000428115	1.8749212719402617
2	Barrier	28	1.4092191019879474	12.37163395111443	8.455314611927685	0.9720388430233782
3	Wait	32	22.078267509126405	2.205612994767052	132.46960505475843	0.2839698348873203
4	Wait	14	19.520975970773407	14.022074971747742	117.12585582464044	1.3353139873706066
5	Scatter	15	2.7619959087794896	18.0193526268315	16.571975452676938	0.5015086919629901
6	Wait	28	6.219961046773247	5.208624021035558	37.319766280639485	1.9509229862446484
