Label	Call	Site	Time	App	MPI	COV
1	Irecv	14	16.9824701940125	5.897585698956574	101.894821164075	0.38787990942252604
2	Irecv	28	2.757926862810245	4.571704295879719	16.54756117686147	1.024203093369704
3	Irecv	32	6.992438748973738	13.463254386644543	41.954632493842425	1.1602746649222189
4	Recv	6	25.11579892204067	18.303090029233758	150.69479353224403	1.4984192616147047
5	Wait	17	0.6658024856185363	5.897585698956574	3.9948149137112177	0.13827851298880356
6	Bcast	32	2.9675319509860296	10.691845737590535	17.80519170591618	0.7188846895344143
