Label	Call	Site	Time	App	MPI	COV
1	Barrier	32	27.279576560090643	18.66858727435192	163.67745936054385	0.854369523940882
2	Send	32	0.35098407911338225	5.719504246863543	2.1059044746802935	1.3911398773682686
3	Isend	32	0.04082344048481734	9.45089926630356	0.24494064290890405	0.03999796679800527
4	Isend	32	1.872637024751772	15.744668935553287	11.235822148510632	1.1182746573056686
5	Bcast	28	4.812695574214373	13.598437314255815	28.876173445286234	1.1812552485103562
6	Recv	32	0.06750435306658975	1.8615867355470561	0.4050261183995385	1.5613611573181403
