Label	Call	Site	Time	App	MPI	COV
1	Recv	32	19.610998927534112	17.30580548350278	117.66599356520467	0.2751333674646146
2	Irecv	17	0.06750435306658975	18.04206815303448	0.4050261183995385	1.380916113348592
3	Scatter	15	10.522410665917292	19.434462391340972	63.13446399550375	1.9070401206674674
4	Wait	28	20.650791443432578	5.897585698956574	123.90474866059546	0.13959830657836192
5	Scatter	6	4.259321235417477	18.471546565614275	25.555927412504865	1.6767951236507674
6	Scatter	17	26.42200050658995	12.590640300614579	158.5320030395397	1.5576677073864307
