Label	Call	Site	Time	App	MPI	COV
1	Reduce	28	27.225446465525305	1.7056114257265653	163.35267879315182	1.7798499369067438
2	Scatter	14	12.488823867092494	3.8620755810054685	74.93294320255497	1.1812552485103562
3	Barrier	32	18.23968601179045	17.074074152838588	109.4381160707427	1.0094354574100028
4	Bcast	14	0.20473767703955037	16.040261672328757	1.2284260622373022	0.44716533878695386
5	Send	17	5.221311434009779	7.457822639444269	31.327868604058676	1.615002559391098
6	Recv	17	11.09909171416482	4.847579836242142	66.59455028498891	0.2751333674646146
