Label	Call	Site	Time	App	MPI	COV
1	Scatter	6	4.116899456659629	4.140941742697155	24.701396739957776	0.21779367706754882
2	Barrier	15	9.134808161460006	7.016962578815267	54.80884896876003	0.29726732233339437
3	Wait	6	29.739905801853354	8.295026262667465	178.43943481112012	0.9661184772281706
4	Irecv	32	10.555012163837837	3.0172592084351657	63.33007298302702	1.3230245515980996
5	Bcast	14	5.274153011934711	7.768953826153591	31.644918071608267	0.605909182185693
6	Gather	6	23.309012708626977	15.887187473364978	139.85407625176185	0.9310737643190707
