Label	Call	Site	Time	App	MPI	COV
1	Barrier	28	9.823373335526668	18.840482000921433	58.94024001316001	0.7385646899627918
2	Gather	28	15.331587445366448	3.7261621853199633	91.98952467219868	0.7970754600166887
3	Bcast	6	27.235609050314512	5.85516333869375	163.41365430188708	0.03999796679800527
4	Gather	15	11.051400102006635	14.725307479823758	66.3084006120398	1.8898297451784436
5	Send	15	2.7867127302260175	16.736455971223606	16.720276381356104	0.6492378837260504
6	Reduce	6	19.344128697050525	18.225175923332035	116.06477218230316	1.4670123862229587
