Label	Call	Site	Time	App	MPI	COV
1	Bcast	32	14.277241893944062	10.484372374958589	85.66345136366436	0.01451834823257081
2	Wait	6	14.213982045684945	5.300190089886434	85.28389227410968	0.2521597829286675
3	Bcast	32	4.5753395347610955	2.7157480665037426	27.452037208566573	1.695790937669326
4	Barrier	28	7.153666662018804	8.90392793034258	42.92199997211282	0.3538356082915033
5	Reduce	17	6.7510039757113365	7.457822639444269	40.50602385426802	1.2509809167227939
6	Scatter	32	11.823605943706974	6.699122400624928	70.94163566224185	1.6210006259030205
