Label	Call	Site	Time	App	MPI	COV
1	Wait	6	5.764666047402346	2.901913336546529	34.587996284414075	1.8334897697776285
2	Reduce	6	14.93132396427638	14.414150801342853	89.58794378565828	0.7331161989600461
3	Irecv	14	6.661636889303509	15.751924961790372	39.96982133582105	0.8954535045934469
4	Gather	15	16.68825819640335	14.440499272309603	100.12954917842009	1.7956913141766593
5	Recv	14	6.06194324765201	12.412583261864032	36.37165948591206	1.7526840620604203
6	Scatter	14	12.04850043804987	1.6200910638372101	72.29100262829922	1.6287044309211673
