Label	Call	Site	Time	App	MPI	COV
1	Scatter	15	0.3040186561593139	16.641195179372804	1.8241119369558834	1.876926500187059
2	Irecv	15	16.92932302154372	1.758806599440137	101.57593812926231	1.6686121627786652
3	Barrier	17	21.700109400879853	0.22680069460194963	130.20065640527912	0.7509547863471855
4	Barrier	17	1.0334889469538577	15.442462623529734	6.200933681723146	1.4944817871323752
5	Send	14	0.7763745767169783	19.69656549935574	4.65824746030187	1.3977387310363432
6	Barrier	17	13.108851264402997	3.360835640516686	78.65310758641797	0.5597279696136095
