Label	Call	Site	Time	App	MPI	COV
1	Recv	28	16.186840519624347	5.233542046838854	97.12104311774608	0.05709057021944708
2	Wait	28	16.222388025342994	7.120474034112462	97.33432815205796	0.9176946427991184
3	Barrier	14	24.075347942015913	5.945905901804684	144.45208765209549	0.0694445070432479
4	Isend	32	21.756176901785256	8.339703119930407	130.53706141071154	0.18217399620968866
5	Isend	6	13.708570621537394	2.587765507331964	82.25142372922437	0.9751556113745774
6	Isend	6	20.554957800459263	9.773586064878671	123.32974680275558	1.9084252905787191
