Label	Call	Site	Time	App	MPI	COV
1	Bcast	6	12.962165769826127	13.933839841480554	77.77299461895676	1.4386039561928474
2	Scatter	14	10.058580756535846	16.67433178481585	60.35148453921508	1.4276061757244909
3	Isend	32	27.235609050314512	4.735825540041878	163.41365430188708	1.8872264029379195
4	Bcast	14	7.348333880265998	11.634034309630188	44.09000328159599	0.1834855934612809
5	Irecv	6	11.277916460763128	3.3652216422961145	67.66749876457877	1.3095891680364362
6	Scatter	28	21.798400729683824	12.574880307712684	130.79040437810295	1.7956913141766593
