Label	Call	Site	Time	App	MPI	COV
1	Irecv	15	7.927759881364304	14.424059063874326	47.56655928818583	0.13406355353703847
2	Irecv	14	13.712249112479999	11.488009956009833	82.27349467488	0.3298789452920845
3	Send	17	8.685300603306766	16.11944476600342	52.1118036198406	1.6177760195281388
4	Send	15	20.856984698273784	5.398824839937384	125.1419081896427	1.0785182027207254
5	Wait	6	0.3040186561593139	4.70188540678643	1.8241119369558834	0.04316024209134217
6	Wait	32	9.717436028453445	3.8778206055110065	58.30461617072067	1.7525071543693003
