Label	Call	Site	Time	App	MPI	COV
1	Scatter	6	8.538516437919805	7.802846965346042	51.23109862751883	0.6139170875086624
2	Irecv	14	17.23391115457508	13.287687610681651	103.40346692745047	1.3014508939288238
3	Gather	28	11.277916460763128	19.474308038250193	67.66749876457877	1.0588289067338084
4	Isend	28	11.562244645177133	4.367763976955179	69.3734678710628	0.10248437539710853
5	Bcast	14	3.265952514783531	15.290487005000053	19.595715088701184	1.4276061757244909
6	Isend	17	17.041345458458242	3.6332344098542935	102.24807275074946	0.7348024090596206
