Label	Call	Site	Time	App	MPI	COV
1	Send	17	2.221932038894775	2.205612994767052	13.331592233368651	1.8627689151422284
2	Scatter	32	8.8614737836237	5.897585698956574	53.16884270174219	1.2573103348073662
3	Gather	14	3.448376150098136	16.011104896738175	20.690256900588814	0.02992266499426255
4	Wait	32	27.27008224696619	17.470469366481154	163.62049348179715	1.6211229848375548
5	Irecv	32	1.4753618368552057	11.885152160231138	8.852171021131234	0.9284330453169793
6	Wait	14	9.15474812530471	12.30851271746297	54.92848875182826	1.9503645976366326
