Label	Call	Site	Time	App	MPI	COV
1	Reduce	28	5.221311434009779	10.46982967398004	31.327868604058676	1.9761367810791193
2	Barrier	32	25.669101633377963	1.0630377843878636	154.01460980026778	1.3203972893341223
3	Scatter	28	1.299579882404841	5.421642209722828	7.797479294429046	0.04821237037280479
4	Recv	15	14.340126577353002	17.12695943127778	86.04075946411801	0.854369523940882
5	Gather	14	29.123268297718027	14.52582105952946	174.73960978630816	0.44802781708784156
6	Send	6	18.88835891361825	16.748705507888253	113.33015348170952	1.8772756720342862
