Label	Call	Site	Time	App	MPI	COV
1	Gather	17	17.822131818154197	7.926475490593317	106.93279090892518	0.320312998234237
2	Bcast	6	25.541995772090942	16.686159001489504	153.25197463254565	0.5507727453630185
3	Isend	32	20.444232029303013	7.9268282651374005	122.66539217581808	1.8381781643744544
4	Bcast	28	12.31712814200051	13.037428228628226	73.90276885200305	0.8508592149424186
5	Barrier	28	2.5361732153594962	2.7157480665037426	15.217039292156977	0.7882176920983754
6	Scatter	32	15.295076400638626	7.823218353732591	91.77045840383175	0.320312998234237
