Label	Call	Site	Time	App	MPI	COV
1	Gather	15	7.073818809054906	19.794951094378046	42.442912854329435	1.1654495202694477
2	Barrier	17	5.5857335001351345	18.225175923332035	33.51440100081081	1.1338836452823755
3	Gather	32	20.444232029303013	11.566664991151114	122.66539217581808	1.3150266257338608
4	Recv	6	6.109931891901219	8.287842556421348	36.659591351407315	1.0721887182114835
5	Reduce	6	9.82173963474106	13.598437314255815	58.930437808446364	0.5486313571314678
6	Wait	6	24.40342730635233	4.467770760335458	146.420563838114	0.8821949340247568
