Label	Call	Site	Time	App	MPI	COV
1	Recv	17	12.96354327690149	4.973320160476396	77.78125966140894	0.583390598432848
2	Reduce	14	23.82540614716396	3.01838079611801	142.95243688298376	1.99179391938254
3	Recv	6	29.867847801710013	1.3987413531359527	179.20708681026008	0.5401567916212839
4	Bcast	15	20.050926069578416	18.310160754901034	120.3055564174705	0.9264238068073696
5	Recv	15	4.598518770199514	2.2373521522266815	27.591112621197084	0.19567503681178122
6	Irecv	6	9.62431715158556	10.450994861312239	57.74590290951336	1.07702936140801
