Label	Call	Site	Time	App	MPI	COV
1	Bcast	6	28.979975819947462	14.265676141502063	173.87985491968476	0.816177035338103
2	Gather	15	5.274153011934711	7.286186493716322	31.644918071608267	0.5787004805638025
3	Scatter	15	19.32844382456353	11.324926005297291	115.97066294738117	1.3150266257338608
4	Bcast	15	15.310016307750928	5.825686944947446	91.86009784650557	0.6567829748851939
5	Bcast	28	3.5321121513232856	15.744668935553287	21.192672907939713	0.2987724482855405
6	Irecv	17	5.083497438573046	1.3987413531359527	30.500984631438275	1.254172439129751
