Label	Call	Site	Time	App	MPI	COV
1	Recv	14	3.3833037266801638	14.979616220454687	20.29982236008098	1.075649269941479
2	Bcast	17	15.1352175220556	16.774878951995806	90.8113051323336	1.295512699024599
3	Irecv	32	0.21113480404481355	17.29043857660836	1.2668088242688813	0.4432029752139659
4	Scatter	32	20.92812213987638	10.19577261964955	125.56873283925827	0.08826745938711844
5	Isend	14	28.111915034374306	13.139152853797732	168.67149020624583	1.0721887182114835
6	Send	17	4.9880170293473896	1.5333104642505146	29.928102176084337	1.7053152571214814
