Label	Call	Site	Time	App	MPI	COV
1	Recv	32	28.171010370160147	9.633577821443822	169.02606222096088	1.9761367810791193
2	Irecv	6	3.1698442478601754	15.585718915592627	19.01906548716105	0.6080889885539966
3	Irecv	32	10.45645992005971	3.701473369704098	62.738759520358265	0.9310737643190707
4	Wait	6	13.012131211010873	3.3086716922845305	78.07278726606523	1.0884027602004185
5	Gather	15	15.18258696060602	13.767358817529905	91.09552176363613	0.7542387733118074
6	Barrier	17	15.545029837284739	19.501924140546137	93.27017902370844	0.0016566629979464231
