Label	Call	Site	Time	App	MPI	COV
1	Reduce	15	28.17342989982929	14.52582105952946	169.04057939897575	0.05279881805028608
2	Barrier	14	3.3833037266801638	12.640867479200889	20.29982236008098	0.13483856777928405
3	Send	15	0.9700870308646414	9.56907570983153	5.820522185187849	0.39532020187804173
4	Gather	6	28.691846693334195	15.381193204899592	172.15108016000516	0.7931464465666438
5	Barrier	32	6.860695318248875	19.474308038250193	41.16417190949325	1.3548277365546042
6	Bcast	14	11.146566504817764	3.091746605374257	66.87939902890659	1.347804038347022
