Label	Call	Site	Time	App	MPI	COV
1	Isend	15	7.122055756811337	4.630891449617982	42.732334540868024	0.18124377214857446
2	Bcast	32	7.1798744067425515	5.897585698956574	43.07924644045531	0.02992266499426255
3	Recv	28	15.207413899032979	18.908757453904204	91.24448339419787	0.02514647009936488
4	Scatter	17	19.46676759808394	1.3992876028126	116.80060558850364	1.2509809167227939
5	Gather	28	29.702223223867634	5.5997994023524384	178.2133393432058	0.18047171260912842
6	Bcast	14	7.092285996232821	4.153391130441002	42.55371597739693	1.4439560351512897
