Label	Call	Site	Time	App	MPI	COV
1	Send	32	5.274153011934711	9.008670234214089	31.644918071608267	1.4351722419009036
2	Gather	17	2.792563996645568	13.0295147059876	16.755383979873407	1.737643372815612
3	Irecv	15	21.898558097172437	4.70188540678643	131.3913485830346	0.6789185074020432
4	Isend	14	21.989698380356778	13.766220390463499	131.93819028214068	1.0728760297574824
5	Send	28	14.54087946334685	3.87991036313849	87.2452767800811	1.9722947778597109
6	Irecv	17	25.984444707857833	10.746151844840481	155.906668247147	0.3855149969479612
