Label	Call	Site	Time	App	MPI	COV
1	Wait	6	28.358224104322673	1.136231991587664	170.14934462593604	1.0664725937143869
2	Send	14	25.46910218152492	3.2770700149905574	152.81461308914953	0.7188846895344143
3	Irecv	14	29.07570365433007	19.265470014601057	174.45422192598042	1.024203093369704
4	Send	6	25.11579892204067	3.2770700149905574	150.69479353224403	0.7188846895344143
5	Reduce	15	28.358224104322673	1.136231991587664	170.14934462593604	1.0664725937143869
6	Irecv	14	25.11579892204067	1.136231991587664	150.69479353224403	0.3385190180780613
