Label	Call	Site	Time	App	MPI	COV
1	Send	28	6.803849751158805	0.5631884947385934	40.82309850695283	0.3893859364265593
2	Reduce	15	17.323771202697415	17.199768416058753	103.94262721618449	0.9987333275754171
3	Barrier	17	11.129497668810767	18.8094790742321	66.7769860128646	0.25357332354143347
4	Isend	32	7.6170153566723275	3.0274591686757946	45.70209214003397	0.434273155139439
5	Scatter	32	22.299137012325765	8.693638135561077	133.7948220739546	1.6405951850788492
6	Barrier	15	15.606702665671392	18.903893645876614	93.64021599402835	0.9284330453169793
