Label	Call	Site	Time	App	MPI	COV
1	Reduce	28	11.129497668810767	5.421642209722828	66.7769860128646	0.40232319732535093
2	Gather	28	6.860695318248875	12.30851271746297	41.16417190949325	0.9461485885230052
3	Barrier	32	4.259321235417477	16.81854688865711	25.555927412504865	1.985893476552411
4	Reduce	15	18.76099021650839	10.843851045255256	112.56594129905034	1.7256718897230292
5	Scatter	14	14.392827646543543	17.199768416058753	86.35696587926125	0.5615074946951035
6	Reduce	28	16.10070373474486	11.705228383047064	96.60422240846917	0.8667816737173089
