Label	Call	Site	Time	App	MPI	COV
1	Wait	15	29.807423626479487	5.751777173462117	178.84454175887691	0.09541170193313842
2	Barrier	17	24.264552294974507	5.233542046838854	145.58731376984704	0.21937250047970602
3	Isend	28	29.807423626479487	3.811512607593308	178.84454175887691	0.21937250047970602
4	Gather	14	17.88448652518474	4.160069639296536	107.30691915110845	1.6454322233729197
5	Isend	32	13.708570621537394	3.811512607593308	82.25142372922437	1.6454322233729197
6	Irecv	32	17.88448652518474	5.0050332666505915	107.30691915110845	0.09541170193313842
