Label	Call	Site	Time	App	MPI	COV
1	Isend	6	9.512158936552014	13.525532442566199	57.07295361931209	1.308375560875498
2	Isend	17	13.36017717484836	15.585718915592627	80.16106304909016	0.11390446100174256
3	Reduce	15	29.867847801710013	7.246510542531961	179.20708681026008	0.7939004306760371
4	Wait	17	4.249123174047833	6.690182355681856	25.494739044286998	0.40385841775203835
5	Wait	6	28.467490435758048	5.576518669702766	170.80494261454828	0.2734352800270987
6	Send	32	8.685620569353008	2.297860768273945	52.11372341611805	0.44797352526116474
