Label	Call	Site	Time	App	MPI	COV
1	Scatter	15	2.7867127302260175	19.216215101936264	16.720276381356104	0.05279881805028608
2	Reduce	32	4.812695574214373	13.767358817529905	28.876173445286234	0.4846484635589061
3	Barrier	6	28.436170908222987	18.8563327472216	170.61702544933792	1.4432524029489346
4	Isend	15	8.472846312089182	11.885152160231138	50.83707787253509	0.414102719796249
5	Scatter	32	7.827896003133016	17.25432124191157	46.96737601879809	1.4276061757244909
6	Scatter	15	22.591623221401278	9.31515063570288	135.54973932840767	1.1911674258198492
