Label	Call	Site	Time	App	MPI	COV
1	Gather	14	26.748877789569374	4.033097225199271	160.49326673741623	1.519379278708998
2	Bcast	14	13.77043644739244	16.155491702068435	82.62261868435463	0.40229676167753836
3	Send	28	3.058406069957209	17.062836956395195	18.350436419743254	1.1899067218120793
4	Send	14	0.8865052556394859	16.856822267505652	5.319031533836915	0.21647306081262196
5	Isend	28	2.7619959087794896	4.071355515997068	16.571975452676938	0.1941452752179318
6	Barrier	28	11.823605943706974	4.167657649595197	70.94163566224185	1.978612355353806
