Label	Call	Site	Time	App	MPI	COV
1	Scatter	28	24.699953880267003	11.443325823328225	148.19972328160202	1.8649240423446882
2	Recv	15	9.134808161460006	10.405591420595446	54.80884896876003	1.6442256545752767
3	Reduce	28	29.802115945675574	7.802846965346042	178.81269567405343	0.12125445887426256
4	Send	32	14.984896826957069	16.736455971223606	89.90938096174241	0.9969254225191022
5	Wait	32	2.0121936383796655	17.026090502470545	12.073161830277993	0.8654175317725334
6	Gather	15	14.72392183905934	8.930692051499562	88.34353103435603	0.718032413094932
