Label	Call	Site	Time	App	MPI	COV
1	Bcast	17	28.793825982091406	4.729864090137561	172.76295589254843	1.1893860992726517
2	Scatter	32	7.961825241173143	0.5997401079613041	47.770951447038854	0.09498286587309979
3	Irecv	6	13.748331145494927	5.206964082372483	82.48998687296955	1.1714749006126108
4	Isend	32	26.38522320714214	19.474308038250193	158.31133924285285	0.11801661563271648
5	Scatter	14	14.392827646543543	9.14612299092921	86.35696587926125	0.0853160190878488
6	Recv	14	29.543535819187362	4.367763976955179	177.26121491512419	0.28387413449141796
