Label	Call	Site	Time	App	MPI	COV
1	Barrier	28	7.77379529654948	4.140941742697155	46.64277177929688	0.7348024090596206
2	Recv	6	15.052002356459095	0.6945704408187958	90.31201413875456	1.1163590614277412
3	Bcast	17	14.587779197180197	3.8623033438435117	87.52667518308118	0.3470704958480344
4	Reduce	15	12.710623966909377	1.7056114257265653	76.26374380145626	0.4746342063779345
5	Wait	15	12.627677973629241	17.43939172126986	75.76606784177545	0.3815824470397142
6	Gather	15	21.260831428493216	8.536563568192221	127.56498857095929	0.8967159432252059
