Label	Call	Site	Time	App	MPI	COV
1	Isend	6	0.6658024856185363	18.471546565614275	3.9948149137112177	0.2633969711677251
2	Isend	17	0.1771054766581548	2.5892789366558655	1.0626328599489288	0.3275162704128103
3	Scatter	28	20.856984698273784	5.800555891189127	125.1419081896427	1.5724761680360977
4	Irecv	28	28.193573245912884	8.036875095985003	169.1614394754773	0.14344712826154637
5	Barrier	28	9.429983065033781	6.997313424167082	56.579898390202686	1.4160270067028267
6	Irecv	14	6.855393802129237	10.30838691159844	41.132362812775426	1.799775262987868
