Label	Call	Site	Time	App	MPI	COV
1	Irecv	28	16.81656772525545	15.262247594517246	100.89940635153269	0.7109390945615943
2	Barrier	15	22.15905859616135	2.297860768273945	132.95435157696812	0.3619889363842532
3	Gather	15	18.76099021650839	14.683011152680855	112.56594129905034	0.434273155139439
4	Wait	32	29.156618504729536	4.140941742697155	174.93971102837722	0.40385841775203835
5	Recv	28	27.641115974534042	12.37163395111443	165.84669584720424	1.7003366572346192
6	Recv	14	15.880447757475043	3.4699286923459782	95.28268654485026	1.774644643739589
