Label	Call	Site	Time	App	MPI	COV
1	Scatter	15	1.6077981347029646	4.9639851215542885	9.646788808217789	1.0884027602004185
2	Scatter	6	15.295076400638626	17.199768416058753	91.77045840383175	1.8519376676748607
3	Isend	6	14.392827646543543	19.10937524155717	86.35696587926125	0.01309717395753518
4	Irecv	32	9.8686895281179	18.686774491065872	59.2121371687074	1.4142072004041724
5	Wait	6	20.650791443432578	4.630891449617982	123.90474866059546	0.29761891800789675
6	Irecv	28	11.46962652627824	12.928879270974873	68.81775915766944	0.9264238068073696
