Label	Call	Site	Time	App	MPI	COV
1	Scatter	28	20.611332440662576	7.802846965346042	123.66799464397545	1.8778259933044128
2	Bcast	6	19.642337527669312	5.07137023133974	117.85402516601587	0.030968350498155495
3	Irecv	28	5.083497438573046	4.063297099319724	30.500984631438275	0.2672232710091442
4	Bcast	15	14.123354832197005	13.36058908917304	84.74012899318203	0.4837160522171484
5	Barrier	28	0.5283858718193157	5.897585698956574	3.1703152309158944	1.750153374262441
6	Barrier	6	3.1698442478601754	14.52582105952946	19.01906548716105	1.6502116489434857
