Label	Call	Site	Time	App	MPI	COV
1	Wait	17	7.4036496505278935	4.669442208943044	44.42189790316736	1.7771415547664584
2	Irecv	17	11.719098272668631	4.973320160476396	70.31458963601179	0.43251012194585536
3	Barrier	17	3.3833037266801638	6.333190685692318	20.29982236008098	0.10287755588105396
4	Barrier	15	20.035844396544267	0.8267928664721858	120.21506637926561	0.8014887416939656
5	Irecv	32	8.868229868548772	18.793255675998285	53.20937921129263	1.4439560351512897
6	Recv	28	7.371595718419788	6.8306586599821095	44.22957431051873	1.3906113298376017
