Label	Call	Site	Time	App	MPI	COV
1	Reduce	28	12.143193334045074	9.73281657513927	72.85916000427045	0.854369523940882
2	Send	17	7.066073984384743	9.31515063570288	42.396443906308455	1.7996106160223684
3	Barrier	32	29.567217198994662	15.372997336370986	177.403303193968	0.3275564454440285
4	Gather	14	7.1798744067425515	1.9587144537837053	43.07924644045531	0.434273155139439
5	Wait	6	2.4399319678732256	13.153798789036033	14.639591807239354	0.5787004805638025
6	Send	14	24.34234541917943	5.011699655704258	146.0540725150766	0.046019830441230036
