Label	Call	Site	Time	App	MPI	COV
1	Irecv	15	5.427664191830464	10.808958557819931	32.56598515098278	0.22162043388732466
2	Bcast	32	17.724429841333784	18.303090029233758	106.3465790480027	1.4351722419009036
3	Gather	6	1.2144066086712058	14.391234002256157	7.2864396520272345	0.7813193265068297
4	Bcast	15	17.363068298823713	9.401687956643157	104.17840979294228	0.07778779946324543
5	Reduce	17	23.16984683679685	3.9492908825697715	139.0190810207811	1.0094354574100028
6	Gather	6	3.1091406170011204	9.31515063570288	18.654843702006723	1.615002559391098
