Label	Call	Site	Time	App	MPI	COV
1	Gather	14	26.916089449233	10.129612117946298	161.496536695398	1.315784608036901
2	Send	32	21.301825552159244	9.649081096075856	127.81095331295546	0.2672232710091442
3	Gather	6	18.25266168650904	19.21434208139841	109.51597011905423	1.201892836743571
4	Bcast	17	14.232502378613933	6.813881205337422	85.3950142716836	0.44802781708784156
5	Irecv	6	5.990314841247276	8.51686178253409	35.941889047483656	1.20209044363075
6	Scatter	15	22.59118011577447	0.6473817201323673	135.5470806946468	0.5507727453630185
