Label	Call	Site	Time	App	MPI	COV
1	Send	15	21.798400729683824	12.454274079269377	130.79040437810295	1.6331966535784357
2	Barrier	32	25.541995772090942	0.08294801379128192	153.25197463254565	0.35854951995784123
3	Bcast	15	0.5283858718193157	14.681386805342608	3.1703152309158944	1.9710277281733377
4	Bcast	17	24.186158532437208	15.744668935553287	145.11695119462325	1.985893476552411
5	Scatter	6	6.992438748973738	12.471460615983494	41.954632493842425	1.1568037344496014
6	Barrier	32	26.932451042569355	1.3182338021303575	161.59470625541613	0.9612632238533818
