Label	Call	Site	Time	App	MPI	COV
1	Recv	6	12.288176033014883	19.94836749210915	73.7290561980893	1.1899067218120793
2	Gather	17	26.650257240034186	14.882169902471873	159.9015434402051	1.4298729145727846
3	Gather	15	11.562244645177133	5.11000496599608	69.3734678710628	1.3611798983368528
4	Barrier	14	8.191040851589458	3.6332344098542935	49.14624510953675	0.3455369697960684
5	Recv	14	8.799747523820267	13.92357575862162	52.798485142921606	1.9070401206674674
6	Wait	17	25.023675850138655	7.810311790216842	150.14205510083193	0.816177035338103
