Label	Call	Site	Time	App	MPI	COV
1	Isend	14	3.5401167514701246	1.3102321369720027	21.240700508820748	0.028820187139154463
2	Gather	28	12.164857467148254	15.08796546599408	72.98914480288953	0.8566816897382716
3	Irecv	6	27.222043040368575	6.182123145523068	163.33225824221145	1.7447833470782141
4	Recv	17	9.920787868031193	11.036789353006832	59.52472720818716	0.32732560805776156
5	Send	14	28.467490435758048	17.43939172126986	170.80494261454828	0.816177035338103
6	Bcast	6	20.527560737373136	6.031394603551377	123.16536442423882	1.5306537339261246
