Label	Call	Site	Time	App	MPI	COV
1	Send	17	6.06194324765201	4.7225542236279905	36.37165948591206	1.1654495202694477
2	Reduce	15	19.616671538848387	7.806794831907382	117.70002923309032	0.21779367706754882
3	Barrier	28	0.263513196670937	10.691845737590535	1.5810791800256219	1.5255312804365204
4	Isend	32	21.155708765075886	1.3102321369720027	126.93425259045532	0.8468104201984372
5	Wait	6	21.44573490149001	2.064892813981536	128.67440940894005	1.7095805694470358
6	Gather	6	21.26417453184385	9.977685625547348	127.5850471910631	0.14363235229822724
