Label	Call	Site	Time	App	MPI	COV
1	Irecv	15	29.413996562054773	18.8563327472216	176.48397937232863	0.4432029752139659
2	Barrier	32	15.204364338384853	9.528759800145545	91.22618603030912	0.2633969711677251
3	Scatter	14	15.001515122806882	7.811472814809186	90.0090907368413	1.024203093369704
4	Reduce	32	14.123354832197005	19.93258342324111	84.74012899318203	0.8990685424786331
5	Bcast	14	13.263333212558862	14.750674719486753	79.57999927535317	0.628749986877523
6	Wait	15	14.392827646543543	12.26987707519918	86.35696587926125	1.0664725937143869
