Label	Call	Site	Time	App	MPI	COV
1	Scatter	17	10.62478600728925	4.071896605405458	63.7487160437355	0.09262275736777292
2	Isend	32	5.221311434009779	16.774878951995806	31.327868604058676	1.3889299621956959
3	Bcast	17	3.448376150098136	18.222286783157738	20.690256900588814	0.8990685424786331
4	Reduce	14	18.518647190937617	3.695921467972092	111.11188314562571	0.7989378149719948
5	Reduce	6	7.717588437076977	19.29028508113064	46.305530622461866	1.5477216653145802
6	Barrier	6	8.799747523820267	9.31515063570288	52.798485142921606	1.20209044363075
