Label	Call	Site	Time	App	MPI	COV
1	Reduce	6	28.512392976108792	5.108986949992671	171.07435785665274	1.3962845274148357
2	Irecv	32	4.584879622949433	9.468469894280098	27.5092777376966	0.2106794864384529
3	Bcast	17	25.163577874762705	11.634034309630188	150.98146724857622	1.6063023171732942
4	Recv	17	21.85735608601715	17.607668960657723	131.1441365161029	0.02514647009936488
5	Bcast	6	0.6526326725234988	19.67273337179854	3.9157960351409926	0.6139170875086624
6	Barrier	14	17.452149622316046	17.026090502470545	104.71289773389628	0.6584194294496144
