Label	Call	Site	Time	App	MPI	COV
1	Irecv	6	17.87239086530759	17.29043857660836	107.23434519184553	1.9479187324357494
2	Bcast	6	19.610998927534112	13.92357575862162	117.66599356520467	0.5173704358275528
3	Bcast	6	10.763853034055682	16.682391713779744	64.58311820433408	1.3427030694149167
4	Irecv	17	4.8611464692571005	7.304487492270888	29.166878815542603	0.32941074230884326
5	Recv	14	0.35098407911338225	19.794951094378046	2.1059044746802935	0.687510549606958
6	Gather	6	15.204364338384853	4.675665272786462	91.22618603030912	1.7267809035725217
