Label	Call	Site	Time	App	MPI	COV
1	Send	28	5.293946543427651	3.0172592084351657	31.763679260565908	0.37641955713385133
2	Send	32	25.689484397093846	0.8267928664721858	154.13690638256307	0.8970181297210327
3	Gather	14	25.984444707857833	1.112506045711692	155.906668247147	0.9924844391071015
4	Recv	15	3.0511704003803466	10.843851045255256	18.30702240228208	0.38787990942252604
5	Bcast	6	29.90317743974625	14.916348594960535	179.4190646384775	0.7887225035766281
6	Scatter	14	18.13996556053914	10.632713509473376	108.83979336323483	0.14370676999368004
