Label	Call	Site	Time	App	MPI	COV
1	Gather	14	11.09909171416482	19.9582112719768	66.59455028498891	0.18816244882495115
2	Gather	28	5.274153011934711	6.8306586599821095	31.644918071608267	0.7994461124946799
3	Scatter	28	20.92812213987638	6.650608931324027	125.56873283925827	0.816177035338103
4	Bcast	32	17.81390076861223	11.493120199885977	106.88340461167337	0.2587221704985301
5	Scatter	14	15.657210423130781	18.36836651311359	93.9432625387847	1.1028488241422914
6	Gather	6	14.340126577353002	8.287842556421348	86.04075946411801	1.5576677073864307
