Label	Call	Site	Time	App	MPI	COV
1	Barrier	17	26.782165878269808	6.319441738574209	160.69299526961885	0.8401880208874353
2	Irecv	28	11.35429255509655	11.445412667725934	68.1257553305793	1.8278218970386308
3	Wait	6	18.362742584870496	0.8267928664721858	110.17645550922298	1.8649240423446882
4	Irecv	6	28.512392976108792	19.296335045434144	171.07435785665274	0.03240846363397165
5	Gather	28	3.448376150098136	15.417871184927874	20.690256900588814	1.0740107188286878
6	Irecv	6	4.466084095087791	5.842621173785054	26.79650457052675	1.2660319388441856
