Label	Call	Site	Time	App	MPI	COV
1	Send	17	22.606015731032485	1.3102321369720027	135.6360943861949	0.07342039476155304
2	Isend	14	0.4209657917256704	11.634034309630188	2.5257947503540223	0.8702940218738644
3	Irecv	14	28.82893516213335	14.581218024513415	172.97361097280012	1.0201719327128704
4	Irecv	17	3.3833037266801638	14.958539564140631	20.29982236008098	0.6871504339654282
5	Isend	32	9.093865863548295	0.8267928664721858	54.56319518128977	0.8768201222906602
6	Wait	14	11.263067021548975	14.391234002256157	67.57840212929385	0.4471975383199054
