Label	Call	Site	Time	App	MPI	COV
1	Bcast	14	20.407618617760797	17.817910368099053	122.44571170656478	0.8114791679913245
2	Gather	28	11.46962652627824	11.074631035740364	68.81775915766944	1.5341955524180928
3	Irecv	6	1.6077981347029646	1.2666315672396378	9.646788808217789	1.183577899370964
4	Scatter	15	5.541073356607401	6.498206224173613	33.246440139644406	1.0354214507297659
5	Send	14	1.4092191019879474	0.08294801379128192	8.455314611927685	0.21779367706754882
6	Irecv	32	12.288176033014883	19.091554440025998	73.7290561980893	0.7767194838159721
