Label	Call	Site	Time	App	MPI	COV
1	Bcast	17	20.035844396544267	18.13051844612051	120.21506637926561	1.377606322803137
2	Reduce	6	3.046863690007201	12.160802371673775	18.281182140043207	0.268319251753415
3	Recv	28	25.023675850138655	5.6237970146809175	150.14205510083193	0.4424688896895803
4	Irecv	15	21.44224825926471	13.05128147446435	128.65348955558824	1.315784608036901
5	Recv	15	21.250329415213617	12.111880647654484	127.50197649128171	0.7926069670865199
6	Scatter	6	11.168682737223266	0.02044951557886643	67.0120964233396	1.1812552485103562
