Label	Call	Site	Time	App	MPI	COV
1	Scatter	6	28.627932477621922	2.6998724108079886	171.76759486573152	1.3917776729208313
2	Bcast	28	13.038109197673887	0.6373291477018528	78.22865518604331	0.7813193265068297
3	Reduce	14	22.325691184160647	2.989918484414875	133.95414710496388	0.7445543197462057
4	Bcast	6	24.127729963314348	3.701473369704098	144.76637977988608	0.0400548907677678
5	Isend	14	11.46962652627824	7.802846965346042	68.81775915766944	1.4439560351512897
6	Isend	32	25.2420072146381	15.547457884205846	151.4520432878286	1.6562345911847631
