Label	Call	Site	Time	App	MPI	COV
1	Gather	28	19.15411999259756	9.46926294464879	114.92471995558537	1.382733449332244
2	Barrier	28	29.07570365433007	3.186214159155345	174.45422192598042	0.9188757974778665
3	Irecv	15	6.992438748973738	5.6237970146809175	41.954632493842425	1.1602746649222189
4	Recv	32	13.432499883902551	17.231368078911373	80.5949993034153	1.5576677073864307
5	Scatter	14	10.522410665917292	19.265470014601057	63.13446399550375	1.4984192616147047
6	Send	6	13.432499883902551	18.335328922950122	80.5949993034153	0.2633540800751899
