Label	Call	Site	Time	App	MPI	COV
1	Recv	17	5.083497438573046	5.11000496599608	30.500984631438275	0.5563431960502974
2	Send	28	22.591623221401278	4.924065409549598	135.54973932840767	1.0345146756809063
3	Irecv	32	19.616671538848387	0.8336948395598487	117.70002923309032	1.9722947778597109
4	Bcast	32	9.134808161460006	5.463878424070194	54.80884896876003	1.4944817871323752
5	Reduce	14	2.800459745155287	3.6900896759110724	16.80275847093172	1.3353139873706066
6	Scatter	32	28.17342989982929	2.2523116252010422	169.04057939897575	0.14370676999368004
