Label	Call	Site	Time	App	MPI	COV
1	Reduce	6	9.939367862161374	16.748705507888253	59.63620717296824	1.053004142867746
2	Bcast	15	17.363068298823713	3.3086716922845305	104.17840979294228	1.3845479811842316
3	Bcast	14	0.7487100819442183	3.388943170765577	4.492260491665309	1.0598472018280563
4	Barrier	14	8.327020023640868	6.615356129901626	49.962120141845205	0.560603154040271
5	Barrier	17	0.7763745767169783	8.745002529780471	4.65824746030187	1.2138196187525792
6	Bcast	28	7.961825241173143	16.406999495574	47.770951447038854	0.7507474546761872
