Label	Call	Site	Time	App	MPI	COV
1	Scatter	17	22.606015731032485	13.222456624673573	135.6360943861949	1.3050396683482086
2	Irecv	28	8.868229868548772	6.269472581090671	53.20937921129263	1.3231091443999923
3	Barrier	15	18.109400313723686	1.251544110448628	108.65640188234212	1.1310572197292266
4	Irecv	17	17.357875904924924	10.968100767173667	104.14725542954955	0.4846484635589061
5	Irecv	17	21.314167065837726	0.06520036842714738	127.88500239502636	1.1338836452823755
6	Scatter	14	14.93132396427638	7.887861870192978	89.58794378565828	1.744774278437536
