Label	Call	Site	Time	App	MPI	COV
1	Irecv	14	28.120849192396747	14.132559458205716	168.72509515438048	1.2420471009871412
2	Bcast	28	12.370053570501042	16.11944476600342	74.22032142300625	0.8967159432252059
3	Irecv	17	21.873620701152873	15.83456440421141	131.24172420691724	0.4063577386181776
4	Isend	14	2.5361732153594962	4.735825540041878	15.217039292156977	0.3012982179816488
5	Barrier	17	0.7487100819442183	5.827094001929682	4.492260491665309	1.5503310239587853
6	Gather	28	1.975905310151903	2.9557164007275882	11.855431860911418	0.0016566629979464231
