Label	Call	Site	Time	App	MPI	COV
1	Reduce	17	13.108851264402997	7.823218353732591	78.65310758641797	1.4351722419009036
2	Irecv	14	14.487240831216262	8.90392793034258	86.92344498729757	1.3789370890319679
3	Barrier	32	22.72605866700086	1.6978580956968803	136.35635200200517	0.3298789452920845
4	Reduce	32	15.274831585563653	16.81854688865711	91.64898951338192	0.6656402740882601
5	Recv	15	14.941876244788588	5.164144734530598	89.65125746873153	1.1239228063601188
6	Bcast	32	20.747847224081763	0.6657041300397637	124.48708334449057	1.8519376676748607
