Label	Call	Site	Time	App	MPI	COV
1	Wait	6	15.609839649600572	1.6200910638372101	93.65903789760343	0.7813193265068297
2	Send	28	4.524545335972054	9.14612299092921	27.14727201583233	0.07783211278789248
3	Barrier	14	23.67613892012865	9.14612299092921	142.0568335207719	1.7095805694470358
4	Send	6	18.579503443256883	13.544015500093149	111.4770206595413	0.23076608377747898
5	Wait	14	21.532586555595326	17.607668960657723	129.19551933357195	1.7461523112230477
6	Send	32	24.085819560024316	14.52582105952946	144.5149173601459	0.6732556049244778
