Label	Call	Site	Time	App	MPI	COV
1	Bcast	32	14.941876244788588	0.09559502052513658	89.65125746873153	0.6133913682211753
2	Scatter	6	1.0334889469538577	3.186214159155345	6.200933681723146	1.532915218495862
3	Isend	32	16.9824701940125	5.55054858353153	101.894821164075	0.9188757974778665
4	Scatter	14	1.0334889469538577	3.186214159155345	6.200933681723146	0.2633969711677251
5	Isend	6	2.9675319509860296	15.444803150450712	17.80519170591618	1.0664725937143869
6	Send	32	16.9824701940125	5.897585698956574	101.894821164075	0.9188757974778665
