Label	Call	Site	Time	App	MPI	COV
1	Send	17	11.09909171416482	16.641195179372804	66.59455028498891	1.5533292936800194
2	Isend	15	0.3040186561593139	4.170784851010067	1.8241119369558834	0.3014443462219667
3	Scatter	28	0.6526326725234988	1.6690552450581264	3.9157960351409926	0.2273959716175986
4	Isend	32	29.90317743974625	4.8608240585175455	179.4190646384775	0.3893859364265593
5	Irecv	17	19.140837590950728	3.360835640516686	114.84502554570437	0.10938588096182111
6	Barrier	32	29.543535819187362	9.035337043146905	177.26121491512419	0.5190196721082483
