Label	Call	Site	Time	App	MPI	COV
1	Send	14	19.15411999259756	11.3799783887384	114.92471995558537	1.6001519849318457
2	Scatter	28	22.91283114569583	9.46926294464879	137.47698687417497	0.4432029752139659
3	Bcast	6	16.9824701940125	11.3799783887384	101.894821164075	1.5576677073864307
4	Reduce	17	22.91283114569583	5.6237970146809175	137.47698687417497	0.13827851298880356
5	Isend	32	29.413996562054773	17.231368078911373	176.48397937232863	0.05634492301380689
6	Irecv	32	2.757926862810245	18.303090029233758	16.54756117686147	1.6001519849318457
