Label	Call	Site	Time	App	MPI	COV
1	Reduce	15	9.134808161460006	2.205612994767052	54.80884896876003	0.35970942128447203
2	Scatter	17	22.299137012325765	17.449277856655442	133.7948220739546	1.244053804696214
3	Isend	15	1.6077981347029646	10.954876984989834	9.646788808217789	1.6442256545752767
4	Isend	14	12.164857467148254	16.941210106888057	72.98914480288953	0.43251012194585536
5	Gather	6	3.5401167514701246	18.12601607544218	21.240700508820748	1.7428391798812444
6	Send	32	25.613618929512256	12.665843216169662	153.68171357707354	1.2766206774064697
