Label	Call	Site	Time	App	MPI	COV
1	Reduce	14	15.18258696060602	12.903536199518959	91.09552176363613	1.377606322803137
2	Bcast	32	24.715280948422667	15.330063702827069	148.29168569053599	1.8872264029379195
3	Recv	6	19.999986210197616	17.53603400137053	119.99991726118569	0.6224119892533002
4	Barrier	17	14.638674800563575	19.345884145117736	87.83204880338144	0.43447914656693687
5	Scatter	28	4.9880170293473896	4.033097225199271	29.928102176084337	1.1130226296468786
6	Isend	28	26.343009993623625	18.138100558150036	158.05805996174175	1.9750249079984525
