Label	Call	Site	Time	App	MPI	COV
1	Recv	15	24.054257099702934	5.198202303562645	144.3255425982176	0.4471975383199054
2	Isend	6	6.296348512209211	18.793255675998285	37.77809107325527	1.5255312804365204
3	Send	6	26.916089449233	3.5457414478921567	161.496536695398	0.9098328362167383
4	Barrier	28	17.099433818562225	14.750674719486753	102.59660291137335	0.1927500848161552
5	Scatter	28	21.155708765075886	12.953528669357528	126.93425259045532	1.7525071543693003
6	Barrier	6	0.8065260754276016	12.30851271746297	4.839156452565609	0.5507727453630185
