Label	Call	Site	Time	App	MPI	COV
1	Irecv	32	20.180551816718058	9.46926294464879	121.08331090030835	0.816177035338103
2	Bcast	6	23.16984683679685	5.897585698956574	139.0190810207811	0.3385190180780613
3	Irecv	28	3.448376150098136	16.406999495574	20.690256900588814	0.6139170875086624
4	Scatter	17	2.9675319509860296	1.9216454070215683	17.80519170591618	1.0223951796556172
5	Barrier	14	16.04270916115361	17.074074152838588	96.25625496692166	1.7095805694470358
6	Scatter	6	28.627932477621922	19.88797809812508	171.76759486573152	1.799775262987868
