Label	Call	Site	Time	App	MPI	COV
1	Wait	28	3.046863690007201	3.01838079611801	18.281182140043207	1.323346924552587
2	Barrier	6	20.180551816718058	5.55054858353153	121.08331090030835	0.628749986877523
3	Gather	6	19.440821922042716	17.231368078911373	116.6449315322563	1.3705891010055742
4	Irecv	15	15.001515122806882	4.571704295879719	90.0090907368413	0.9188757974778665
5	Irecv	17	23.427584240796442	1.8615867355470561	140.56550544477864	0.816177035338103
6	Reduce	28	14.941876244788588	17.074074152838588	89.65125746873153	0.05634492301380689
