Label	Call	Site	Time	App	MPI	COV
1	Gather	14	19.440821922042716	1.6012287702734884	116.6449315322563	1.0223951796556172
2	Send	32	5.990314841247276	1.6978580956968803	35.941889047483656	1.5554720593771245
3	Scatter	6	1.0334889469538577	18.335328922950122	6.200933681723146	1.7461523112230477
4	Bcast	15	14.72392183905934	9.977685625547348	88.34353103435603	1.0680792049046561
5	Irecv	6	1.0334889469538577	6.8306586599821095	6.200933681723146	0.11390446100174256
6	Recv	6	20.2274599687168	13.139152853797732	121.3647598123008	0.4432029752139659
