Label	Call	Site	Time	App	MPI	COV
1	Irecv	28	27.372370567534745	13.222456624673573	164.23422340520847	1.6268076745079787
2	Reduce	17	2.9675319509860296	18.04206815303448	17.80519170591618	0.5403496892543544
3	Send	15	16.42991696985754	11.998102154608649	98.57950181914524	0.7641165590323518
4	Irecv	17	1.111236213419442	10.897009081257012	6.667417280516652	0.07001883397189812
5	Reduce	32	1.9804872478769875	8.536563568192221	11.882923487261925	0.5860256871284864
6	Bcast	28	4.9880170293473896	12.776901313571319	29.928102176084337	1.0740107188286878
