Label	Call	Site	Time	App	MPI	COV
1	Bcast	6	3.046863690007201	19.93258342324111	18.281182140043207	0.12608422390938268
2	Reduce	28	3.5067643989718436	17.380640548285943	21.040586393831063	0.7122590246205183
3	Gather	14	29.413996562054773	9.528759800145545	176.48397937232863	0.6080889885539966
4	Irecv	17	28.358224104322673	15.330063702827069	170.14934462593604	1.9262412019650101
5	Reduce	6	2.726851904266243	1.9587144537837053	16.361111425597457	1.110322909141563
6	Irecv	28	15.204364338384853	16.406999495574	91.22618603030912	0.8990685424786331
