Label	Call	Site	Time	App	MPI	COV
1	Bcast	28	27.641115974534042	6.333190685692318	165.84669584720424	1.4264076921643862
2	Reduce	14	8.06245879957948	1.136231991587664	48.37475279747687	0.7535125142868979
3	Reduce	6	23.309012708626977	11.735895507618695	139.85407625176185	0.45357814242728756
4	Gather	28	12.264331708337842	8.51686178253409	73.58599025002705	0.22879621498514413
5	Isend	6	7.827896003133016	14.629953609449425	46.96737601879809	1.7095805694470358
6	Reduce	28	26.573355326659026	2.5989669902958967	159.44013195995416	1.1602746649222189
