Label	Call	Site	Time	App	MPI	COV
1	Wait	28	27.794578695796744	1.295616596923248	166.76747217478047	0.2756539638050113
2	Send	14	11.994478700193559	1.2976883745965906	71.96687220116135	1.1203670957372402
3	Barrier	28	25.570741677326602	0.9065944712850782	153.42445006395963	0.0991267383054204
4	Gather	17	4.89332055953478	6.27167582537524	29.359923357208682	0.6136830819172558
5	Reduce	28	1.747370862368356	18.957613129213495	10.484225174210135	0.1201365743170415
6	Scatter	28	7.4036496505278935	12.37163395111443	44.42189790316736	1.8107073290709959
