Label	Call	Site	Time	App	MPI	COV
1	Gather	32	21.189625200966884	4.973320160476396	127.1377512058013	0.22678583233073546
2	Irecv	28	1.04419097733628	14.74066524430308	6.265145864017681	1.203241586051204
3	Reduce	14	8.8614737836237	5.842621173785054	53.16884270174219	0.35970942128447203
4	Reduce	28	22.716530993257432	17.59326966084728	136.2991859595446	1.0146425768834502
5	Send	14	29.583558382423675	10.735344910745798	177.50135029454205	1.9420872890735008
6	Scatter	6	24.085819560024316	8.849321098330664	144.5149173601459	1.7447833470782141
