Label	Call	Site	Time	App	MPI	COV
1	Wait	14	29.457562889297872	4.033097225199271	176.74537733578723	1.7679649494839982
2	Wait	15	15.229221716407912	16.870136306121672	91.37533029844747	1.6380475615061694
3	Scatter	15	15.4223412950603	17.40997842284116	92.5340477703618	1.1759579801449678
4	Wait	17	27.50848555678956	10.632713509473376	165.05091334073734	1.3251953590856203
5	Reduce	15	7.6170153566723275	6.319441738574209	45.70209214003397	0.09429332523197509
6	Irecv	32	0.8865052556394859	0.4209843887457976	5.319031533836915	0.3235642949783335
