Label	Call	Site	Time	App	MPI	COV
1	Wait	32	29.400985075110036	4.160069639296536	176.4059104506602	0.0694445070432479
2	Bcast	15	26.992565251957924	1.607411790327652	161.95539151174754	0.05709057021944708
3	Reduce	6	15.689582734091793	4.242877444348836	94.13749640455076	1.363636313051992
4	Barrier	14	25.329594070014117	6.439807651667493	151.97756442008472	0.570933465903998
5	Recv	28	19.972978849579142	2.0267264974657984	119.83787309747485	0.13471318313837033
6	Barrier	17	29.135085764575457	8.78553072655136	174.81051458745276	0.07080375417457008
