Label	Call	Site	Time	App	MPI	COV
1	Bcast	32	16.186840519624347	2.6885302970891423	97.12104311774608	0.19808306338184822
2	Wait	14	29.135085764575457	5.0050332666505915	174.81051458745276	1.2531880756773583
3	Recv	15	17.88448652518474	7.991351787664573	107.30691915110845	1.3498051302491247
4	Barrier	6	11.058159026467905	8.041791986954909	66.34895415880743	0.18414584598504158
5	Send	28	10.316535739607708	5.991223208991859	61.89921443764625	0.7382620758664693
6	Recv	28	17.88888652412073	5.233542046838854	107.33331914472437	1.895590499203532
