Label	Call	Site	Time	App	MPI	COV
1	Wait	14	11.777802706092963	4.033097225199271	70.66681623655778	0.9661184772281706
2	Recv	32	26.836612700570434	0.5997401079613041	161.0196762034226	0.38787990942252604
3	Send	14	0.937947946624077	9.528759800145545	5.6276876797444615	0.15089967814155814
4	Isend	15	23.9705248933948	13.642289562061107	143.8231493603688	1.5477216653145802
5	Reduce	15	25.023675850138655	6.8306586599821095	150.14205510083193	0.6139170875086624
6	Recv	17	29.07570365433007	15.802499188448305	174.45422192598042	0.816177035338103
