Label	Call	Site	Time	App	MPI	COV
1	Wait	14	28.627932477621922	1.136231991587664	171.76759486573152	1.681712269547624
2	Wait	15	23.67613892012865	5.6237970146809175	142.0568335207719	1.681712269547624
3	Gather	15	29.07570365433007	1.6012287702734884	174.45422192598042	1.489032046617713
4	Reduce	28	20.180551816718058	10.375033474691937	121.08331090030835	1.4984192616147047
5	Isend	14	19.15411999259756	18.303090029233758	114.92471995558537	0.8092892087862713
6	Recv	6	8.70318568330356	18.62541940403287	52.21911409982137	0.7882176920983754
