Label	Call	Site	Time	App	MPI	COV
1	Barrier	6	15.001515122806882	7.811472814809186	90.0090907368413	1.3705891010055742
2	Wait	6	25.46910218152492	15.802499188448305	152.81461308914953	1.1521037849500133
3	Send	32	23.82540614716396	18.303090029233758	142.95243688298376	1.5093730287379719
4	Gather	15	9.8686895281179	14.828529998509236	59.2121371687074	0.7348024090596206
5	Bcast	28	14.72392183905934	4.170784851010067	88.34353103435603	0.3385190180780613
6	Wait	14	20.527560737373136	7.811472814809186	123.16536442423882	0.2633969711677251
