Label	Call	Site	Time	App	MPI	COV
1	Isend	6	22.79464538774253	0.19226477056485725	136.76787232645518	0.13471318313837033
2	Irecv	14	29.807423626479487	4.75231769965064	178.84454175887691	0.0637396769056775
3	Scatter	6	22.79464538774253	5.751777173462117	136.76787232645518	0.13471318313837033
4	Bcast	15	24.264552294974507	4.160069639296536	145.58731376984704	0.570933465903998
5	Bcast	6	24.264552294974507	6.756812685209309	145.58731376984704	0.570933465903998
6	Isend	14	29.807423626479487	5.0050332666505915	178.84454175887691	0.13471318313837033
