Label	Call	Site	Time	App	MPI	COV
1	Bcast	17	7.331239105863155	1.1267295248447162	43.98743463517893	1.889187540616602
2	Isend	15	19.32844382456353	8.790665974775361	115.97066294738117	0.33576436770136886
3	Scatter	15	1.975905310151903	17.718923898717584	11.855431860911418	1.33646006112383
4	Reduce	17	24.426963635837456	4.571704295879719	146.56178181502474	0.5507727453630185
5	Barrier	32	17.357875904924924	6.813881205337422	104.14725542954955	0.22063110436269406
6	Recv	28	23.473275222653314	15.585718915592627	140.83965133591988	1.36299826478256
