Label	Call	Site	Time	App	MPI	COV
1	Recv	14	6.860695318248875	19.091554440025998	41.16417190949325	0.16931651934103176
2	Isend	28	11.823605943706974	10.840687913783318	70.94163566224185	1.7267809035725217
3	Scatter	15	0.3214875411116236	13.42632186294178	1.9289252466697415	0.44802781708784156
4	Barrier	17	24.699953880267003	2.1683277458942185	148.19972328160202	0.4432029752139659
5	Bcast	17	24.45835551081766	11.885152160231138	146.75013306490598	1.8947311576039274
6	Isend	17	1.8421545152996421	15.601246518296222	11.052927091797853	0.20277243189678984
