Label	Call	Site	Time	App	MPI	COV
1	Send	6	15.606702665671392	14.991778700933601	93.64021599402835	0.8990685424786331
2	Scatter	15	10.717612696129956	15.290487005000053	64.30567617677974	1.1905916908017504
3	Bcast	6	9.328270946562277	19.29028508113064	55.969625679373664	0.4168696905369931
4	Recv	28	1.975905310151903	11.007000734346056	11.855431860911418	0.33384378712694307
5	Reduce	28	18.895309941720868	13.705809003161677	113.3718596503252	0.8854339340506823
6	Recv	28	8.70318568330356	9.977685625547348	52.21911409982137	0.9397033321195332
