Label	Call	Site	Time	App	MPI	COV
1	Scatter	28	22.052592316882397	0.8310722569296392	132.31555390129438	1.0774277246714083
2	Gather	6	11.273979137483717	4.450662218974813	67.6438748249023	0.18414584598504158
3	Wait	17	27.157279339031113	5.233542046838854	162.9436760341867	1.895590499203532
4	Reduce	28	23.708595622874714	5.0050332666505915	142.2515737372483	1.935008654441219
5	Barrier	17	29.653763920390407	9.479008847306021	177.92258352234245	0.42052939024836355
6	Irecv	32	18.784966891995044	3.302015519133591	112.70980135197027	1.1232828261851286
