Label	Call	Site	Time	App	MPI	COV
1	Wait	6	2.0121936383796655	5.5997994023524384	12.073161830277993	0.21779367706754882
2	Isend	32	19.440821922042716	1.6012287702734884	116.6449315322563	0.7882176920983754
3	Isend	17	23.16984683679685	14.310846326827424	139.0190810207811	1.4984192616147047
4	Isend	15	3.721609330236324	17.40997842284116	22.329655981417943	0.8092892087862713
5	Irecv	28	3.6976566823270485	1.9216454070215683	22.18594009396229	0.9612632238533818
6	Wait	32	25.2420072146381	3.2770700149905574	151.4520432878286	0.15089967814155814
