Label	Call	Site	Time	App	MPI	COV
1	Irecv	15	16.68825819640335	14.750674719486753	100.12954917842009	0.6871504339654282
2	Send	14	1.3634975624647527	16.870136306121672	8.180985374788516	0.25451327199661944
3	Irecv	15	10.471063106493578	15.744668935553287	62.826378638961465	0.4746342063779345
4	Reduce	14	16.197673380723593	3.186214159155345	97.18604028434156	1.244053804696214
5	Wait	17	25.11579892204067	1.9216454070215683	150.69479353224403	1.0664725937143869
6	Irecv	28	19.46676759808394	2.1763717779379377	116.80060558850364	1.5856925505392558
