Label	Call	Site	Time	App	MPI	COV
1	Isend	32	25.329594070014117	6.439807651667493	151.97756442008472	0.9421828320474639
2	Send	17	25.436787276551094	7.270267878437671	152.62072365930658	1.8262504090921081
3	Recv	14	13.283916614021507	7.270267878437671	79.70349968412904	0.18414584598504158
4	Wait	14	17.88448652518474	6.487670827902955	107.30691915110845	0.12477766814579039
5	Send	17	11.058159026467905	3.2752575679047546	66.34895415880743	1.2138422397249662
6	Barrier	17	15.689582734091793	2.9017509999873017	94.13749640455076	0.6833537029897454
