Label	Call	Site	Time	App	MPI	COV
1	Recv	14	6.239204610354369	19.88797809812508	37.43522766212621	1.382733449332244
2	Barrier	28	2.726851904266243	5.5997994023524384	16.361111425597457	0.8955866096516618
3	Bcast	14	0.937947946624077	15.221300865830216	5.6276876797444615	1.9262412019650101
4	Gather	6	12.288176033014883	14.444024730396164	73.7290561980893	1.3705891010055742
5	Barrier	32	21.700109400879853	18.415641372494296	130.20065640527912	0.7882176920983754
6	Bcast	6	2.726851904266243	10.581077071518816	16.361111425597457	1.0680792049046561
