Label	Call	Site	Time	App	MPI	COV
1	Bcast	17	3.046863690007201	16.155491702068435	18.281182140043207	1.0680792049046561
2	Barrier	28	28.111915034374306	3.186214159155345	168.67149020624583	0.22879621498514413
3	Isend	6	25.2420072146381	5.256503386671718	151.4520432878286	0.34482734933846393
4	Wait	28	10.86163923824515	10.375033474691937	65.16983542947091	0.21779367706754882
5	Barrier	15	1.0334889469538577	6.821786800582235	6.200933681723146	0.2633969711677251
6	Send	17	10.471063106493578	18.415641372494296	62.826378638961465	0.4432029752139659
