Label	Call	Site	Time	App	MPI	COV
1	Isend	32	3.721609330236324	13.463254386644543	22.329655981417943	1.110322909141563
2	Wait	6	2.2071928337239752	19.88797809812508	13.243157002343851	1.0664725937143869
3	Recv	32	17.724429841333784	10.681038067707476	106.3465790480027	1.0664725937143869
4	Barrier	28	8.70318568330356	16.406999495574	52.21911409982137	1.5477216653145802
5	Gather	14	15.204364338384853	4.069294444966005	91.22618603030912	1.3705891010055742
6	Gather	6	1.0334889469538577	10.581077071518816	6.200933681723146	0.8990685424786331
