Label	Call	Site	Time	App	MPI	COV
1	Bcast	32	2.9675319509860296	12.928879270974873	17.80519170591618	0.9231454141392779
2	Send	17	20.527560737373136	5.5997994023524384	123.16536442423882	1.3805507578138647
3	Gather	6	9.512158936552014	5.819736463520653	57.07295361931209	0.22879621498514413
4	Reduce	28	11.777802706092963	1.9216454070215683	70.66681623655778	1.1163590614277412
5	Isend	32	12.288176033014883	14.596410631402176	73.7290561980893	0.7445543197462057
6	Reduce	17	17.323771202697415	4.170784851010067	103.94262721618449	0.7122590246205183
