Label	Call	Site	Time	App	MPI	COV
1	Reduce	15	15.001515122806882	16.686159001489504	90.0090907368413	0.3477443273008318
2	Isend	15	29.815281224121016	19.265470014601057	178.8916873447261	1.110322909141563
3	Bcast	32	15.001515122806882	17.380640548285943	90.0090907368413	0.11726708740317138
4	Wait	32	1.3634975624647527	4.760169589072372	8.180985374788516	1.9009216986715025
5	Wait	28	3.1698442478601754	4.069294444966005	19.01906548716105	0.10248437539710853
6	Barrier	14	0.6658024856185363	19.93258342324111	3.9948149137112177	0.7507474546761872
