Label	Call	Site	Time	App	MPI	COV
1	Reduce	6	3.6976566823270485	18.426485791897505	22.18594009396229	0.29547805076825573
2	Gather	15	28.627932477621922	13.642289562061107	171.76759486573152	1.110322909141563
3	Scatter	6	6.860695318248875	9.583633908521051	41.16417190949325	0.10938588096182111
4	Recv	14	13.108851264402997	12.903536199518959	78.65310758641797	1.377606322803137
5	Irecv	28	25.46910218152492	10.843851045255256	152.81461308914953	0.6871504339654282
6	Gather	28	21.44573490149001	14.596410631402176	128.67440940894005	1.3353139873706066
