Label	Call	Site	Time	App	MPI	COV
1	Isend	28	17.88448652518474	5.569125520877444	107.30691915110845	1.8269627894957887
2	Recv	15	14.104587506745311	6.756812685209309	84.62752504047187	1.895590499203532
3	Wait	14	29.400985075110036	6.832497746347427	176.4059104506602	0.0637396769056775
4	Barrier	14	14.415907520288478	8.314062880218234	86.49544512173087	0.2706063522441704
5	Irecv	32	11.433390848335971	2.6885302970891423	68.60034509001582	0.21937250047970602
6	Wait	32	11.433390848335971	1.1161252583996029	68.60034509001582	0.04793162793152694
