Label	Call	Site	Time	App	MPI	COV
1	Scatter	6	27.058362281970176	5.719504246863543	162.35017369182106	0.9276900973066529
2	Irecv	32	11.09909171416482	16.870136306121672	66.59455028498891	0.7813193265068297
3	Reduce	17	0.7487100819442183	14.022074971747742	4.492260491665309	0.5456858806077705
4	Send	17	18.518647190937617	1.112506045711692	111.11188314562571	1.323346924552587
5	Scatter	28	21.44573490149001	16.11944476600342	128.67440940894005	1.5554720593771245
6	Bcast	28	6.239204610354369	12.111880647654484	37.43522766212621	1.110322909141563
