Label	Call	Site	Time	App	MPI	COV
1	Reduce	17	17.323771202697415	2.3636346864547875	103.94262721618449	0.9599532330411136
2	Gather	17	20.2274599687168	10.843851045255256	121.3647598123008	0.9461485885230052
3	Irecv	17	29.802115945675574	13.139152853797732	178.81269567405343	1.3889299621956959
4	Barrier	14	11.777802706092963	5.499727315128808	70.66681623655778	0.12555031880961165
5	Bcast	28	5.074472773634082	7.926475490593317	30.446836641804495	0.560603154040271
6	Barrier	15	8.70318568330356	5.5997994023524384	52.21911409982137	1.757352323177285
