Label	Call	Site	Time	App	MPI	COV
1	Barrier	28	12.370053570501042	7.926475490593317	74.22032142300625	0.6894983819274534
2	Recv	28	5.022364031828578	6.044419052751846	30.134184190971467	0.25451327199661944
3	Bcast	15	21.401558983663147	3.3652216422961145	128.40935390197888	0.25451327199661944
4	Bcast	15	2.767624466136626	14.132559458205716	16.605746796819755	1.5576677073864307
5	Recv	14	5.518004387300644	12.928879270974873	33.10802632380387	1.244053804696214
6	Recv	17	1.6077981347029646	17.004184919645052	9.646788808217789	0.9612632238533818
