Label	Call	Site	Time	App	MPI	COV
1	Send	17	16.9824701940125	14.69625502760508	101.894821164075	0.13483856777928405
2	Bcast	32	25.46910218152492	9.401687956643157	152.81461308914953	0.12608422390938268
3	Bcast	14	0.2377701318439407	5.256503386671718	1.4266207910636441	0.560603154040271
4	Wait	15	26.38522320714214	6.699122400624928	158.31133924285285	0.9009521372195151
5	Isend	28	9.093865863548295	19.280936324035434	54.56319518128977	1.5834631856484516
6	Bcast	17	19.46676759808394	18.471546565614275	116.80060558850364	0.9271591179302008
