Label	Call	Site	Time	App	MPI	COV
1	Gather	6	15.274831585563653	18.415641372494296	91.64898951338192	0.22879621498514413
2	Reduce	32	28.111915034374306	2.6322790405668317	168.67149020624583	0.6359296021235732
3	Reduce	28	13.143587723347567	10.897009081257012	78.8615263400854	1.3203972893341223
4	Recv	6	9.134808161460006	9.468469894280098	54.80884896876003	1.5255312804365204
5	Send	6	0.2377701318439407	14.596410631402176	1.4266207910636441	1.7525071543693003
6	Send	17	4.089332843762534	18.335328922950122	24.535997062575206	0.6732556049244778
