Label	Call	Site	Time	App	MPI	COV
1	Wait	32	10.522410665917292	14.750674719486753	63.13446399550375	1.757352323177285
2	Reduce	14	2.9675319509860296	0.07994755950730292	17.80519170591618	1.4276061757244909
3	Wait	32	3.448376150098136	12.953528669357528	20.690256900588814	1.8749212719402617
4	Barrier	6	18.518647190937617	18.426485791897505	111.11188314562571	0.22879621498514413
5	Recv	15	26.650257240034186	3.186214159155345	159.9015434402051	1.489032046617713
6	Reduce	17	1.0334889469538577	19.88797809812508	6.200933681723146	0.3477443273008318
