Label	Call	Site	Time	App	MPI	COV
1	Gather	6	20.554957800459263	7.120474034112462	123.32974680275558	1.8269627894957887
2	Recv	32	29.807423626479487	4.551870171340271	178.84454175887691	0.18217399620968866
3	Reduce	32	25.329594070014117	6.487670827902955	151.97756442008472	1.6454322233729197
4	Recv	17	25.697317719472814	2.354970617102884	154.1839063168369	1.4203178870018418
5	Send	14	27.98866020453562	0.5085807955117649	167.93196122721372	0.7920310026503936
6	Recv	6	21.756176901785256	6.125736188111382	130.53706141071154	1.5155626211832587
