Label	Call	Site	Time	App	MPI	COV
1	Bcast	32	14.392827646543543	2.3636346864547875	86.35696587926125	0.9231454141392779
2	Wait	28	3.2742952719329965	5.827094001929682	19.64577163159798	0.9199792408417051
3	Recv	6	11.823605943706974	14.629953609449425	70.94163566224185	1.7095805694470358
4	Isend	28	25.023675850138655	9.46926294464879	150.14205510083193	1.4160270067028267
5	Bcast	32	0.20473767703955037	15.887187473364978	1.2284260622373022	1.3845479811842316
6	Isend	32	19.520975970773407	14.132559458205716	117.12585582464044	0.6139170875086624
