Label	Call	Site	Time	App	MPI	COV
1	Barrier	14	24.264552294974507	0.19226477056485725	145.58731376984704	0.5524918027608765
2	Barrier	14	27.98866020453562	5.0050332666505915	167.93196122721372	1.073358105459472
3	Scatter	28	27.98866020453562	5.569125520877444	167.93196122721372	0.04793162793152694
4	Wait	17	20.554957800459263	4.160069639296536	123.32974680275558	0.1600611472751463
5	Gather	6	15.946591233113613	1.1161252583996029	95.67954739868168	1.073358105459472
6	Reduce	6	16.186840519624347	6.756812685209309	97.12104311774608	0.0637396769056775
