Label	Call	Site	Time	App	MPI	COV
1	Reduce	17	15.657210423130781	5.897585698956574	93.9432625387847	0.3455369697960684
2	Irecv	6	2.2071928337239752	3.01838079611801	13.243157002343851	0.7122590246205183
3	Wait	6	7.2621181819983	2.9179954156450516	43.5727090919898	0.25451327199661944
4	Wait	28	11.572586404329	2.308390093053294	69.435518425974	1.3668501376751416
5	Recv	15	21.189625200966884	14.828529998509236	127.1377512058013	1.450377899735488
6	Gather	32	5.022364031828578	6.8306586599821095	30.134184190971467	0.38787990942252604
