Label	Call	Site	Time	App	MPI	COV
1	Send	17	17.88448652518474	6.616106966374099	107.30691915110845	0.09541170193313842
2	Scatter	32	10.316535739607708	0.19226477056485725	61.89921443764625	1.2138422397249662
3	Isend	6	29.400985075110036	1.1161252583996029	176.4059104506602	0.076299901959485
4	Bcast	15	16.222388025342994	8.339703119930407	97.33432815205796	0.7011440346102249
5	Gather	32	29.135085764575457	8.041791986954909	174.81051458745276	0.5283657027534019
6	Gather	32	27.98866020453562	5.465140118919919	167.93196122721372	1.2939650768858915
