Label	Call	Site	Time	App	MPI	COV
1	Recv	15	18.784966891995044	2.1918849752957836	112.70980135197027	0.2879590699873722
2	Barrier	6	14.405685874591963	0.06092200040316187	86.43411524755177	0.8962521668475774
3	Scatter	28	27.157279339031113	2.874253448085712	162.9436760341867	0.944294614549448
4	Recv	15	26.90965808601144	7.645609678491442	161.45794851606865	0.7920310026503936
5	Isend	14	29.653763920390407	5.183700356348357	177.92258352234245	0.5462420768445269
6	Barrier	14	24.264552294974507	5.183700356348357	145.58731376984704	1.0774277246714083
