Label	Call	Site	Time	App	MPI	COV
1	Reduce	14	14.104587506745311	5.183700356348357	84.62752504047187	0.46617787113597897
2	Scatter	17	12.478350143711051	4.450662218974813	74.8701008622663	0.09541170193313842
3	Barrier	17	23.708595622874714	1.67456558728442	142.2515737372483	0.21937250047970602
4	Irecv	6	20.554957800459263	1.67456558728442	123.32974680275558	0.9176946427991184
5	Bcast	6	23.708595622874714	5.569125520877444	142.2515737372483	0.13471318313837033
6	Gather	17	14.639382049804865	2.325311223296506	87.83629229882919	1.679528676299717
