Label	Call	Site	Time	App	MPI	COV
1	Barrier	32	7.529216841851505	19.582977887171936	45.17530105110903	1.757352323177285
2	Send	6	2.2071928337239752	19.216215101936264	13.243157002343851	0.21647306081262196
3	Bcast	32	8.147441329956406	9.977685625547348	48.88464797973843	1.0588289067338084
4	Bcast	17	9.328270946562277	9.29382123697958	55.969625679373664	0.9009521372195151
5	Wait	15	9.429983065033781	18.415641372494296	56.579898390202686	0.321434462455211
6	Reduce	28	9.82173963474106	4.071355515997068	58.930437808446364	0.5456858806077705
