Label	Call	Site	Time	App	MPI	COV
1	Barrier	14	11.823605943706974	19.69020743171894	70.94163566224185	0.6133913682211753
2	Wait	14	11.823605943706974	10.897009081257012	70.94163566224185	1.7718745173432995
3	Isend	28	28.358224104322673	0.5997401079613041	170.14934462593604	0.3385190180780613
4	Gather	32	16.508240795619614	19.93258342324111	99.04944477371768	0.7644585543093589
5	Gather	15	9.429983065033781	11.566664991151114	56.579898390202686	1.3360172402553576
6	Irecv	28	0.937947946624077	0.16735327073448492	5.6276876797444615	1.8314344651290344
