Label	Call	Site	Time	App	MPI	COV
1	Barrier	17	25.023675850138655	12.37163395111443	150.14205510083193	0.05634492301380689
2	Reduce	15	12.143193334045074	8.494455355755079	72.85916000427045	1.6767951236507674
3	Barrier	14	17.323771202697415	4.571704295879719	103.94262721618449	0.19567503681178122
4	Recv	15	26.42200050658995	9.528759800145545	158.5320030395397	0.21647306081262196
5	Irecv	15	5.990314841247276	16.406999495574	35.941889047483656	0.7348024090596206
6	Isend	6	28.691846693334195	17.004184919645052	172.15108016000516	0.4432029752139659
