Label	Call	Site	Time	App	MPI	COV
1	Barrier	32	10.316535739607708	4.450662218974813	61.89921443764625	0.570933465903998
2	Scatter	6	14.180955835224388	4.242877444348836	85.08573501134633	1.5424294374085308
3	Isend	6	25.436787276551094	0.44499911669235503	152.62072365930658	0.18217399620968866
4	Bcast	15	22.584474950679677	6.495399872936422	135.50684970407806	1.0277315639875866
5	Barrier	14	25.21391227233685	1.67456558728442	151.2834736340211	0.5462420768445269
6	Send	15	14.639382049804865	3.2752575679047546	87.83629229882919	1.935008654441219
