Label	Call	Site	Time	App	MPI	COV
1	Reduce	14	11.777802706092963	19.88797809812508	70.66681623655778	1.3668501376751416
2	Wait	15	29.14796673910549	14.750674719486753	174.88780043463294	0.05634492301380689
3	Isend	28	7.00035674080365	18.303090029233758	42.0021404448219	1.111737394161116
4	Reduce	6	10.471063106493578	8.235554695047782	62.826378638961465	1.4276061757244909
5	Reduce	6	15.12742069589149	10.581077071518816	90.76452417534894	1.7461523112230477
6	Scatter	28	9.939367862161374	5.198202303562645	59.63620717296824	0.3385190180780613
