Label	Call	Site	Time	App	MPI	COV
1	Irecv	17	25.11579892204067	3.01838079611801	150.69479353224403	0.448064526252522
2	Wait	17	3.624562993416227	4.170784851010067	21.747377960497364	1.9009216986715025
3	Gather	28	0.3040186561593139	15.744668935553287	1.8241119369558834	0.25451327199661944
4	Irecv	14	29.413996562054773	7.811472814809186	176.48397937232863	0.0400548907677678
5	Wait	32	23.9705248933948	11.3799783887384	143.8231493603688	0.07001883397189812
6	Reduce	17	24.493311723551273	10.843851045255256	146.95987034130764	0.2633969711677251
