Label	Call	Site	Time	App	MPI	COV
1	Barrier	28	13.592504220161329	4.571704295879719	81.55502532096797	1.0223951796556172
2	Gather	17	15.274831585563653	13.463254386644543	91.64898951338192	1.1568037344496014
3	Bcast	28	20.180551816718058	13.683157570959604	121.08331090030835	1.33646006112383
4	Gather	32	26.650257240034186	14.132559458205716	159.9015434402051	0.10938588096182111
5	Bcast	32	14.72392183905934	2.901913336546529	88.34353103435603	0.9188757974778665
6	Bcast	32	6.109931891901219	11.488009956009833	36.659591351407315	1.3230245515980996
