Label	Call	Site	Time	App	MPI	COV
1	Bcast	32	13.712249112479999	1.9587144537837053	82.27349467488	1.8871692967387763
2	Reduce	14	23.427584240796442	14.444024730396164	140.56550544477864	1.819432137056075
3	Isend	14	10.471063106493578	19.216215101936264	62.826378638961465	1.01636483756706
4	Barrier	6	12.143193334045074	5.499727315128808	72.85916000427045	1.6686121627786652
5	Barrier	15	9.134808161460006	4.7225542236279905	54.80884896876003	0.12555031880961165
6	Send	28	16.789306455168376	15.372997336370986	100.73583873101026	0.19567503681178122
