Label	Call	Site	Time	App	MPI	COV
1	Reduce	32	5.518004387300644	5.256503386671718	33.10802632380387	0.21779367706754882
2	Recv	14	20.180551816718058	11.589176376972583	121.08331090030835	1.9148833681303346
3	Scatter	15	23.48780239146391	16.11944476600342	140.92681434878347	0.6139170875086624
4	Wait	32	12.143193334045074	15.372997336370986	72.85916000427045	1.5093730287379719
5	Recv	6	8.472846312089182	1.8615867355470561	50.83707787253509	0.9612632238533818
6	Send	28	18.579503443256883	0.16735327073448492	111.4770206595413	1.5724761680360977
