Label	Call	Site	Time	App	MPI	COV
1	Wait	6	8.142209938795354	5.163282992282134	48.85325963277212	0.12608422390938268
2	Irecv	15	23.373347831535142	4.760169589072372	140.24008698921085	1.1654495202694477
3	Scatter	6	9.84448460358038	2.308390093053294	59.06690762148228	1.532915218495862
4	Bcast	14	0.06750435306658975	7.552779309888969	0.4050261183995385	1.681712269547624
5	Recv	15	14.93132396427638	8.011723440976803	89.58794378565828	1.9976008352598371
6	Irecv	17	23.373347831535142	10.46982967398004	140.24008698921085	1.5576677073864307
