Label	Call	Site	Time	App	MPI	COV
1	Scatter	28	8.868229868548772	3.695921467972092	53.20937921129263	0.3012982179816488
2	Irecv	28	0.6658024856185363	4.924065409549598	3.9948149137112177	0.0016566629979464231
3	Barrier	6	20.050926069578416	12.111880647654484	120.3055564174705	1.1221093181152835
4	Wait	14	23.427584240796442	10.897009081257012	140.56550544477864	1.957312919070557
5	Irecv	6	12.24763607539629	9.801899829854332	73.48581645237775	0.17634914007519176
6	Reduce	17	9.429983065033781	16.155491702068435	56.579898390202686	0.0655427780898048
