Label	Call	Site	Time	App	MPI	COV
1	Send	6	11.263067021548975	13.683157570959604	67.57840212929385	1.4625178191706645
2	Send	32	29.413996562054773	18.908757453904204	176.48397937232863	0.6224119892533002
3	Gather	15	9.093865863548295	1.3102321369720027	54.56319518128977	1.5834631856484516
4	Barrier	6	11.95665144992718	15.381193204899592	71.73990869956309	0.8990685424786331
5	Irecv	32	28.120849192396747	16.311425166780435	168.72509515438048	0.28387413449141796
6	Recv	32	10.763853034055682	15.887187473364978	64.58311820433408	1.5627084454774849
