Label	Call	Site	Time	App	MPI	COV
1	Isend	6	14.72392183905934	14.254018253634005	88.34353103435603	0.4549702537864355
2	Irecv	17	15.12742069589149	1.7888578319448123	90.76452417534894	1.8994101756975823
3	Barrier	28	4.5753395347610955	1.2343714918675586	27.452037208566573	0.01309717395753518
4	Send	6	11.09909171416482	16.941210106888057	66.59455028498891	1.3805507578138647
5	Recv	32	2.726851904266243	12.70703352132137	16.361111425597457	0.628749986877523
6	Isend	6	21.189625200966884	3.2770700149905574	127.1377512058013	1.5856925505392558
