Label	Call	Site	Time	App	MPI	COV
1	Gather	28	4.121664234821202	12.70703352132137	24.72998540892721	1.0223951796556172
2	Barrier	6	14.93132396427638	19.794951094378046	89.58794378565828	0.687510549606958
3	Barrier	15	10.763853034055682	3.186214159155345	64.58311820433408	1.8278218970386308
4	Recv	6	8.737382461201125	14.596410631402176	52.42429476720675	1.5182113465369615
5	Reduce	15	3.828292866314281	9.583633908521051	22.969757197885684	0.9098328362167383
6	Recv	6	16.42991696985754	17.607668960657723	98.57950181914524	0.06581917690045525
