Label	Call	Site	Time	App	MPI	COV
1	Barrier	15	3.5067643989718436	13.0295147059876	21.040586393831063	1.0319556245534753
2	Irecv	6	21.44573490149001	7.246510542531961	128.67440940894005	1.5627084454774849
3	Isend	6	24.085819560024316	17.43939172126986	144.5149173601459	1.01636483756706
4	Isend	14	16.365974611932277	5.11000496599608	98.19584767159367	0.7887225035766281
5	Reduce	32	2.9523970404750157	3.695921467972092	17.714382242850093	0.775067162356269
6	Recv	15	20.611332440662576	15.381193204899592	123.66799464397545	1.7155509183493816
