Label	Call	Site	Time	App	MPI	COV
1	Irecv	17	7.86488372051048	7.043508543403947	47.189302323062876	0.8114791679913245
2	Gather	15	24.45835551081766	9.801899829854332	146.75013306490598	1.0864448365082828
3	Isend	28	3.4477054728747545	0.5997401079613041	20.686232837248525	1.4386039561928474
4	Irecv	15	12.31712814200051	15.6288234403144	73.90276885200305	0.9720388430233782
5	Irecv	32	26.42200050658995	0.06520036842714738	158.5320030395397	0.14091114207070143
6	Isend	15	17.323771202697415	5.11000496599608	103.94262721618449	1.3958144174861125
