Label	Call	Site	Time	App	MPI	COV
1	Scatter	14	27.20725191050122	4.170784851010067	163.24351146300734	1.3889299621956959
2	Send	14	26.836612700570434	5.55054858353153	161.0196762034226	0.1834855934612809
3	Barrier	6	23.82540614716396	18.75121908015953	142.95243688298376	1.1521037849500133
4	Send	14	9.82173963474106	7.489358783815421	58.930437808446364	1.394021924785087
5	Gather	14	19.095006013760536	2.2323275281594523	114.5700360825632	1.750153374262441
6	Barrier	17	0.20473767703955037	14.574523237543753	1.2284260622373022	0.0655427780898048
