Label	Call	Site	Time	App	MPI	COV
1	Barrier	28	29.07570365433007	19.88797809812508	174.45422192598042	0.5403496892543544
2	Scatter	15	5.022364031828578	19.280936324035434	30.134184190971467	0.4549702537864355
3	Isend	17	9.84448460358038	11.488009956009833	59.06690762148228	1.394021924785087
4	Recv	32	7.827896003133016	8.59761102220652	46.96737601879809	0.5597279696136095
5	Isend	14	3.6976566823270485	11.203604471488518	22.18594009396229	0.6877076441518966
6	Reduce	17	25.669101633377963	19.091554440025998	154.01460980026778	0.5456858806077705
