Label	Call	Site	Time	App	MPI	COV
1	Irecv	17	1.3634975624647527	5.6237970146809175	8.180985374788516	0.15089967814155814
2	Isend	15	14.906629169023834	19.13206117322595	89.43977501414301	0.9271591179302008
3	Irecv	6	6.239204610354369	4.367763976955179	37.43522766212621	0.5403496892543544
4	Recv	15	17.323771202697415	10.968100767173667	103.94262721618449	1.3203972893341223
5	Wait	15	2.262917701533016	18.426485791897505	13.577506209198095	0.8485721116974014
6	Recv	6	18.109400313723686	8.31328979183134	108.65640188234212	1.7771415547664584
