Label	Call	Site	Time	App	MPI	COV
1	Barrier	6	19.46676759808394	1.3649115829241887	116.80060558850364	1.3360172402553576
2	Isend	17	13.6504114323565	2.6322790405668317	81.902468594139	1.110322909141563
3	Recv	32	3.448376150098136	1.6200910638372101	20.690256900588814	0.2633969711677251
4	Isend	28	1.0334889469538577	3.0172592084351657	6.200933681723146	0.2633540800751899
5	Barrier	15	24.559046569662616	8.716340840923271	147.3542794179757	1.7526840620604203
6	Scatter	15	3.046863690007201	4.7225542236279905	18.281182140043207	1.9722947778597109
