Label	Call	Site	Time	App	MPI	COV
1	Scatter	6	9.84448460358038	10.405591420595446	59.06690762148228	1.1163590614277412
2	Bcast	15	16.04270916115361	7.043508543403947	96.25625496692166	0.6430764962014599
3	Gather	15	4.812695574214373	9.108485138509137	28.876173445286234	0.7445543197462057
4	Irecv	14	14.72392183905934	16.040261672328757	88.34353103435603	0.32732560805776156
5	Reduce	28	3.624562993416227	14.574523237543753	21.747377960497364	0.9599532330411136
6	Wait	32	8.70318568330356	6.478704649367812	52.21911409982137	0.19567503681178122
