Label	Call	Site	Time	App	MPI	COV
1	Reduce	17	20.2274599687168	17.074074152838588	121.3647598123008	1.377606322803137
2	Reduce	6	24.085819560024316	19.794951094378046	144.5149173601459	0.687510549606958
3	Send	28	6.860695318248875	3.186214159155345	41.16417190949325	1.4625178191706645
4	Recv	17	23.82540614716396	7.926475490593317	142.95243688298376	0.9199792408417051
5	Gather	32	7.86488372051048	5.6237970146809175	47.189302323062876	1.382733449332244
6	Scatter	14	2.9844029477133804	0.6873789723071244	17.90641768628028	0.6133913682211753
