Label	Call	Site	Time	App	MPI	COV
1	Irecv	14	15.052002356459095	9.003451411975638	90.31201413875456	0.3012982179816488
2	Recv	15	7.073818809054906	9.108485138509137	42.442912854329435	1.8772756720342862
3	Recv	17	24.715280948422667	4.9639851215542885	148.29168569053599	0.5860256871284864
4	Isend	15	10.522410665917292	13.642289562061107	63.13446399550375	1.1102849766184426
5	Recv	28	13.038109197673887	9.210646403216028	78.22865518604331	1.110322909141563
6	Wait	32	11.09909171416482	2.9179954156450516	66.59455028498891	0.321434462455211
