Label	Call	Site	Time	App	MPI	COV
1	Scatter	15	0.7487100819442183	14.022074971747742	4.492260491665309	1.9905183930874275
2	Recv	6	12.490310969672421	1.6012287702734884	74.94186581803453	1.3958144174861125
3	Bcast	6	14.00418601417047	5.499727315128808	84.02511608502282	1.3548277365546042
4	Reduce	6	0.7763745767169783	19.181169812293504	4.65824746030187	0.29547805076825573
5	Irecv	15	14.232502378613933	4.071355515997068	85.3950142716836	0.13959830657836192
6	Reduce	14	29.413996562054773	5.518579714643666	176.48397937232863	0.448064526252522
