Label	Call	Site	Time	App	MPI	COV
1	Send	15	24.45835551081766	9.033020480205698	146.75013306490598	1.7182440825841803
2	Gather	28	4.8611464692571005	9.468469894280098	29.166878815542603	0.11726708740317138
3	Reduce	32	4.5753395347610955	10.897009081257012	27.452037208566573	0.28387413449141796
4	Irecv	6	1.912979760688146	17.4903119781827	11.477878564128876	0.9720388430233782
5	Bcast	15	7.827896003133016	12.37163395111443	46.96737601879809	1.764221822853158
6	Barrier	17	8.538516437919805	6.690182355681856	51.23109862751883	0.4424688896895803
