Label	Call	Site	Time	App	MPI	COV
1	Barrier	6	25.39418134993954	5.55054858353153	152.36508809963723	1.5576677073864307
2	Send	28	0.959001572218966	3.388943170765577	5.754009433313795	1.2493618532527282
3	Isend	15	18.579241380394045	14.508893390263896	111.47544828236427	0.5777192386215018
4	Send	28	23.67613892012865	3.701473369704098	142.0568335207719	1.5255312804365204
5	Reduce	28	15.657210423130781	19.93258342324111	93.9432625387847	1.032804965471353
6	Gather	28	17.041345458458242	7.4216660950941	102.24807275074946	0.7813193265068297
