Label	Call	Site	Time	App	MPI	COV
1	Scatter	15	9.298115193416582	13.139152853797732	55.78869116049949	0.1991597697149785
2	Bcast	6	0.937947946624077	8.536563568192221	5.6276876797444615	0.8702940218738644
3	Isend	17	2.7619959087794896	7.4216660950941	16.571975452676938	0.2987724482855405
4	Isend	6	11.09909171416482	2.9179954156450516	66.59455028498891	1.0319556245534753
5	Irecv	17	27.058362281970176	5.398824839937384	162.35017369182106	0.28387413449141796
6	Wait	14	29.210114270859968	18.563924951545978	175.2606856251598	0.09498286587309979
