Label	Call	Site	Time	App	MPI	COV
1	Irecv	32	29.425489623481635	4.795813447017306	176.5529377408898	0.687510549606958
2	Reduce	17	5.93303779695785	5.11000496599608	35.5982267817471	1.92472324028419
3	Scatter	14	6.064192404033877	9.649081096075856	36.385154424203265	1.0201719327128704
4	Reduce	17	10.522410665917292	5.198202303562645	63.13446399550375	1.9517395387976864
5	Scatter	17	15.295076400638626	18.335328922950122	91.77045840383175	1.4576445895494057
6	Barrier	28	17.323771202697415	9.108485138509137	103.94262721618449	0.8955866096516618
