Label	Call	Site	Time	App	MPI	COV
1	Barrier	6	26.36963987047232	4.8272776318282045	158.2178392228339	0.07778779946324543
2	Reduce	15	20.611332440662576	7.811472814809186	123.66799464397545	1.0862146915288358
3	Bcast	17	4.259321235417477	6.47530789246545	25.555927412504865	1.024203093369704
4	Barrier	15	6.064192404033877	14.683011152680855	36.385154424203265	0.29761891800789675
5	Isend	14	7.00035674080365	6.612186720525724	42.0021404448219	1.4576445895494057
6	Scatter	32	19.484997974709753	5.915804440979471	116.90998784825851	1.5627084454774849
