Label	Call	Site	Time	App	MPI	COV
1	Irecv	6	3.1091406170011204	16.11944476600342	18.654843702006723	1.318570078624971
2	Wait	15	14.38443219173671	3.3652216422961145	86.30659315042027	1.757352323177285
3	Barrier	6	11.777802706092963	1.3102321369720027	70.66681623655778	1.7256718897230292
4	Isend	15	16.383371526416557	14.882169902471873	98.30022915849935	0.47449539561243337
5	Barrier	6	24.715280948422667	18.303090029233758	148.29168569053599	1.2748362998234917
6	Gather	28	16.304018660208143	17.074074152838588	97.82411196124886	0.3477443273008318
