Label	Call	Site	Time	App	MPI	COV
1	Irecv	15	3.448376150098136	8.281036883241788	20.690256900588814	0.8114791679913245
2	Wait	14	25.613618929512256	3.186214159155345	153.68171357707354	1.5434377870313074
3	Scatter	6	29.90317743974625	14.132559458205716	179.4190646384775	1.3427030694149167
4	Recv	15	0.9700870308646414	6.690182355681856	5.820522185187849	0.4846484635589061
5	Recv	6	21.155708765075886	2.0398454468377847	126.93425259045532	0.23076608377747898
6	Wait	28	10.840901651142634	14.254018253634005	65.04540990685581	1.5856925505392558
