Label	Call	Site	Time	App	MPI	COV
1	Scatter	14	20.92812213987638	3.8778206055110065	125.56873283925827	1.2493618532527282
2	Bcast	6	29.123268297718027	16.941210106888057	174.73960978630816	0.12555031880961165
3	Wait	32	29.583558382423675	10.30838691159844	177.50135029454205	0.24353478482427549
4	Isend	17	15.657210423130781	0.09559502052513658	93.9432625387847	1.248928924069085
5	Bcast	17	11.572586404329	15.585718915592627	69.435518425974	0.628749986877523
6	Wait	14	25.39418134993954	5.819736463520653	152.36508809963723	0.9661184772281706
