Label	Call	Site	Time	App	MPI	COV
1	Send	6	1.3634975624647527	16.858187468627463	8.180985374788516	0.13483856777928405
2	Gather	17	2.757926862810245	4.571704295879719	16.54756117686147	1.6036859377145576
3	Bcast	32	3.5067643989718436	5.55054858353153	21.040586393831063	0.8114791679913245
4	Irecv	15	28.467490435758048	9.033020480205698	170.80494261454828	1.5627084454774849
5	Isend	15	7.961825241173143	16.686159001489504	47.770951447038854	1.92472324028419
6	Wait	28	11.823605943706974	15.744668935553287	70.94163566224185	1.1163590614277412
