Label	Call	Site	Time	App	MPI	COV
1	Bcast	17	14.80765108241547	6.402847775617513	88.84590649449282	0.5521642176062507
2	Bcast	14	27.766432488398596	10.617551960651188	166.59859493039158	1.3225816024207058
3	Recv	6	23.48780239146391	14.52582105952946	140.92681434878347	1.5554720593771245
4	Bcast	6	9.62431715158556	4.924065409549598	57.74590290951336	1.3889299621956959
5	Send	14	3.3833037266801638	4.760169589072372	20.29982236008098	1.7182440825841803
6	Send	15	0.8065260754276016	19.21434208139841	4.839156452565609	1.5482706971354867
