Label	Call	Site	Time	App	MPI	COV
1	Recv	28	21.873620701152873	16.193166158463217	131.24172420691724	1.1239228063601188
2	Isend	28	11.168682737223266	0.07994755950730292	67.0120964233396	0.12394069011217379
3	Gather	6	20.89113333036364	12.590640300614579	125.34679998218184	0.4424688896895803
4	Recv	14	12.071975431292987	3.4699286923459782	72.43185258775793	0.4746342063779345
5	Isend	17	10.113715930928866	0.5839370687360868	60.68229558557319	1.7798499369067438
6	Send	15	11.263067021548975	17.380640548285943	67.57840212929385	0.25451327199661944
