Label	Call	Site	Time	App	MPI	COV
1	Barrier	6	23.82540614716396	11.3799783887384	142.95243688298376	1.231670749143823
2	Recv	15	17.014795881662792	7.043508543403947	102.08877528997675	1.0598472018280563
3	Isend	28	2.767624466136626	2.205612994767052	16.605746796819755	1.3050396683482086
4	Isend	15	16.92932302154372	5.31093800499397	101.57593812926231	1.3219528357757853
5	Scatter	14	14.941876244788588	9.810320560609586	89.65125746873153	0.47449539561243337
6	Wait	15	1.0314662663462693	8.59761102220652	6.188797598077615	1.1102849766184426
