Label	Call	Site	Time	App	MPI	COV
1	Isend	6	11.823605943706974	16.774878951995806	70.94163566224185	1.1104662660264146
2	Wait	6	6.992438748973738	19.69020743171894	41.954632493842425	1.1812552485103562
3	Send	28	25.429522441785174	10.735344910745798	152.57713465071106	1.5093730287379719
4	Gather	17	22.078267509126405	1.9587144537837053	132.46960505475843	0.030968350498155495
5	Barrier	6	27.325788273251273	17.470469366481154	163.95472963950763	0.6359296021235732
6	Isend	15	19.26271586640909	0.3788756355462586	115.57629519845453	1.1568037344496014
