Label	Call	Site	Time	App	MPI	COV
1	Recv	15	4.8611464692571005	0.09559502052513658	29.166878815542603	0.13483856777928405
2	Barrier	28	28.537932316135997	4.7225542236279905	171.227593896816	1.394021924785087
3	Scatter	32	15.505412441323	1.9216454070215683	93.03247464793799	1.1654495202694477
4	Send	15	18.88835891361825	7.802846965346042	113.33015348170952	1.9479187324357494
5	Scatter	17	15.443230849781969	5.5997994023524384	92.65938509869181	0.4424688896895803
6	Barrier	32	3.9716451093859098	14.310846326827424	23.829870656315457	1.8278218970386308
