Label	Call	Site	Time	App	MPI	COV
1	Send	17	1.299579882404841	7.246786791831095	7.797479294429046	0.9231454141392779
2	Bcast	15	12.04850043804987	9.29382123697958	72.29100262829922	1.5613611573181403
3	Recv	15	28.193573245912884	3.2770700149905574	169.1614394754773	0.7887225035766281
4	Bcast	6	0.5283858718193157	11.445412667725934	3.1703152309158944	0.3455369697960684
5	Wait	6	22.886228542313532	5.424219801662096	137.3173712538812	0.7507474546761872
6	Scatter	15	20.530973388377706	18.2499936952788	123.18584033026625	0.03221954365073221
