Label	Call	Site	Time	App	MPI	COV
1	Irecv	28	15.274831585563653	18.946086096230882	91.64898951338192	0.06581917690045525
2	Reduce	6	19.095006013760536	10.808958557819931	114.5700360825632	0.8702940218738644
3	Barrier	6	25.46910218152492	4.754949911473762	152.81461308914953	0.5563431960502974
4	Bcast	6	29.156618504729536	7.810311790216842	174.93971102837722	1.0862146915288358
5	Wait	6	15.609839649600572	19.69656549935574	93.65903789760343	1.394021924785087
6	Barrier	6	23.67613892012865	15.372997336370986	142.0568335207719	1.2973233017987562
