Label	Call	Site	Time	App	MPI	COV
1	Irecv	15	12.490310969672421	0.6473817201323673	74.94186581803453	1.8778259933044128
2	Bcast	28	11.777802706092963	17.429779485454215	70.66681623655778	1.7996106160223684
3	Scatter	14	11.09909171416482	3.388943170765577	66.59455028498891	0.320312998234237
4	Wait	14	12.071975431292987	10.30838691159844	72.43185258775793	1.7182440825841803
5	Barrier	14	4.978432401894734	5.11000496599608	29.870594411368405	1.737643372815612
6	Gather	14	20.035844396544267	8.29382624388227	120.21506637926561	1.382733449332244
