Snapshots	Ranks	Time
5	1	20.8251477288432
5	2	15.874543649742916
5	3	16.228158458339394
5	4	19.93196671155991
5	5	7.265905594579668
5	6	25.33918456972656
5	7	7.827387093585813
5	8	2.651174120450511
5	9	3.913022122543366
5	10	20.130139806924603
