Snapshots	Ranks	Time
2	1	23.947748498655063
2	2	9.914354488417606
2	3	18.98316150796519
2	4	12.01077370047058
2	5	21.444809785604907
2	6	2.4369095256472173
2	7	27.080355355096
2	8	10.636559486181637
2	9	7.055286351036486
2	10	27.000796836961673
